grid_id,lat,lng,crime_count,women_crime,children_crime,population,atm_count,market_density,lighting_index,police_patrol,risk_label
1,28.683364302657687,77.47548848929584,3,0,0,1734,8,3,0.5525206868967443,3,0
2,28.714621296849916,77.36902580133047,3,0,0,4345,5,4,0.30593288766607546,4,0
3,28.62855290868255,77.48804014854949,1,0,0,3691,8,2,0.23906907314292677,1,0
4,28.712864098364513,77.40182036395103,1,0,0,1574,9,0,0.23647872701548078,1,0
5,28.673647987608668,77.36819418478673,2,0,0,1277,6,3,0.5064625337168734,2,0
6,28.615567311096274,77.33074296277906,0,0,0,1587,3,0,0.801202608804958,3,0
7,28.70424705416149,77.48574467420309,1,0,0,4836,2,3,0.5532394578029851,2,0
8,28.609548709250017,77.31105039662745,2,0,0,2278,7,3,0.2250037011239545,2,0
9,28.6679290341133,77.34957096870313,2,0,0,2240,4,3,0.9060793528745696,0,0
10,28.639898255753053,77.49007038719333,1,0,0,1530,9,4,0.755160899648843,1,0
11,28.69798812212612,77.45335514154652,2,0,0,2334,7,2,0.5277090903363388,1,0
12,28.74979189071708,77.37526646898257,0,0,0,1491,3,3,0.6620088030875793,4,0
13,28.74030505751686,77.47578580951617,1,0,0,3078,5,0,0.5334425488943906,3,0
14,28.619855157424613,77.4684135728111,1,0,0,3097,1,4,0.6447992074365676,3,0
15,28.615642142203217,77.43707210827989,1,0,0,2633,3,0,0.20917564525894772,2,0
16,28.641670480078673,77.47428601709986,1,0,0,2736,2,3,0.5789451357595568,2,0
17,28.632223014089615,77.44346155788362,11,2,0,806,2,2,0.923584810150818,0,1
18,28.68115039863575,77.42267564289443,2,0,0,2307,5,4,0.6993772337777422,0,0
19,28.65750870037993,77.42676318896785,5,2,0,3657,9,3,0.786975753179163,3,1
20,28.631471488083093,77.30141815834703,0,0,0,2167,1,2,0.5416902706688501,2,0
21,28.626384733351152,77.365044848087,1,1,0,1451,7,4,0.9471414590813538,3,0
22,28.749269431273508,77.34857456978179,2,0,0,3935,4,1,0.7848266409128926,3,0
23,28.607198164577376,77.40545915718266,0,0,0,4858,3,3,0.32150635405053607,3,0
24,28.632166758265846,77.34016825008405,0,0,0,1422,7,3,0.5023654266613604,2,0
25,28.67275769764927,77.4227927826139,1,0,0,2109,8,0,0.9759532811239,0,0
26,28.669834807570552,77.32379704714067,2,0,0,3134,6,3,0.21518470642926646,1,0
27,28.703533372364383,77.42788669271737,2,0,0,2705,8,3,0.7592427877645651,2,0
28,28.73046926772712,77.31131458114614,3,0,0,1845,1,1,0.6730768314613887,0,0
29,28.606901447029383,77.45595047620941,3,0,0,4789,2,1,0.3787999046652075,1,0
30,28.642652012771723,77.49333084431221,2,0,0,3756,3,2,0.41432899641376014,0,0
31,28.66226699785175,77.35300355164678,8,2,0,2855,1,3,0.24938353062816054,1,1
32,28.658604811585505,77.39175897862462,0,0,0,1079,9,2,0.3592131670925137,3,0
33,28.63694372380279,77.3439374380033,2,2,0,670,5,3,0.7728982786449405,4,0
34,28.637805660541797,77.34803984369917,3,0,0,4531,9,3,0.9614685958406699,2,0
35,28.676386212512202,77.38806459037687,3,0,0,2913,5,1,0.9416803544155792,0,0
36,28.67965212418645,77.3138948742753,2,0,0,941,4,4,0.9305226388607948,0,0
37,28.688603419774548,77.30018614073967,1,0,0,3243,4,3,0.2623060516968475,2,0
38,28.719824342281015,77.48736020256483,1,0,0,3356,8,4,0.953460618720873,0,0
39,28.726341691559448,77.44632981285217,1,0,0,4646,2,0,0.5537699840915618,4,0
40,28.741987772960883,77.35213636896582,1,0,0,1405,3,2,0.6092425625376318,2,0
41,28.634241165001097,77.47791315389372,7,2,0,1919,4,1,0.2178153707380548,0,1
42,28.71090831766712,77.41097182872413,1,0,1,1990,2,4,0.4204297814196034,0,0
43,28.707396647622435,77.35911080037744,1,0,0,3446,3,0,0.23430264320711497,2,0
44,28.642498686299646,77.3096753637925,10,1,0,4311,1,0,0.33685167663096793,1,1
45,28.618172649099773,77.48538443416682,2,0,0,4832,4,1,0.9550463011720587,1,0
46,28.690905631762497,77.31269340779897,1,0,0,3381,8,1,0.7189771187405911,4,0
47,28.695782973013003,77.34197688647778,2,0,0,916,1,2,0.9273100259330371,0,0
48,28.634227829911367,77.43614058059696,2,0,0,869,7,0,0.3002538325095656,3,0
49,28.651109174150697,77.47740113093045,2,0,0,832,1,2,0.4041937328129077,2,0
50,28.650339136419813,77.3658288873635,2,0,0,1811,8,0,0.20810318837414707,0,0
51,28.695850157829522,77.46795589457172,0,0,0,749,0,0,0.9674777643283567,4,0
52,28.716224817787474,77.42410204634771,2,0,0,1309,2,0,0.7696712893533812,1,0
53,28.7050219765402,77.42639706405073,2,0,0,4634,8,1,0.23261495725544742,3,0
54,28.6339583759199,77.39277755712997,1,2,0,2378,5,3,0.6454523709418687,0,0
55,28.610563367097754,77.36418754796085,3,0,0,3594,3,1,0.44076095485318956,1,0
56,28.702892851197543,77.47959891200982,3,0,0,1153,3,1,0.5322092964281058,0,0
57,28.618746075094233,77.31789080312078,2,0,0,3836,5,1,0.8768319859755538,0,0
58,28.669632973189103,77.30102208353027,8,2,0,516,5,3,0.2597877970307869,3,1
59,28.62443155905687,77.4240034664306,1,0,0,3601,6,4,0.8394053118095841,3,0
60,28.634619357980686,77.30465205970276,1,0,0,1965,0,4,0.8935996759072977,2,0
61,28.65669666416649,77.45224458881214,2,0,0,1173,3,3,0.618733504201685,1,0
62,28.66938895963878,77.35933269924855,0,0,0,2518,7,0,0.7788129507819068,0,0
63,28.623369784512455,77.46322005462439,2,0,0,2294,6,2,0.8789634127335557,4,0
64,28.611753019984043,77.30774791784224,0,0,0,4719,0,1,0.9891960123774244,0,0
65,28.7206665018502,77.45448201006695,14,1,0,1251,1,2,0.7543431683803543,0,1
66,28.659274382767897,77.49149947923881,0,0,0,4820,6,0,0.9301132943729797,4,0
67,28.64591961378824,77.46557792647741,13,2,0,3023,7,4,0.9883977234127699,1,1
68,28.722288735440195,77.30634677607783,12,1,0,1517,9,3,0.8132003893054376,1,1
69,28.743288631547685,77.45571853866075,1,0,0,2504,3,3,0.6054068855832453,1,0
70,28.702228836870287,77.38314852935282,0,0,0,2238,5,3,0.9777688167286513,1,0
71,28.677660131214612,77.47097578610975,3,0,0,2522,3,4,0.8286456286685424,3,0
72,28.641174170835882,77.39867079405799,1,0,0,3498,9,4,0.4105433978423075,4,0
73,28.745659563969642,77.44029646219836,0,0,0,3111,4,0,0.8557245423178563,3,0
74,28.680887084420736,77.38511090331566,1,0,0,4571,3,0,0.6487300473704696,0,0
75,28.648835311871178,77.36359324613977,2,0,0,2919,6,4,0.6344932051408395,2,0
76,28.745775450609962,77.4916408902925,3,0,0,724,4,0,0.8873188919628485,3,0
77,28.66671551267057,77.35481922003534,3,0,0,4480,1,1,0.8219835374620321,3,0
78,28.641552045573526,77.45999577067282,12,2,0,4638,1,3,0.8634423861565581,3,1
79,28.694791012305757,77.43900721591585,14,2,0,2114,6,1,0.4300131610853753,0,1
80,28.610098450301873,77.41709112873635,2,0,0,3264,8,0,0.588549724581642,1,0
81,28.619464775892613,77.32258369548812,1,0,0,2834,7,1,0.38226259348171276,4,0
82,28.659128709520438,77.49625387502238,1,0,0,2363,6,3,0.30277332679770935,2,0
83,28.638057067315405,77.4320037995389,10,2,0,3363,6,2,0.9716140697401314,4,1
84,28.64034035812019,77.44901047076499,1,0,0,2771,7,0,0.22923293526698246,1,0
85,28.737682834570236,77.3156583004802,12,1,0,2135,9,3,0.4790791765513282,0,1
86,28.63854803640513,77.37892512657224,7,1,0,4846,6,4,0.6736631512631259,3,1
87,28.630214778937344,77.34206131938633,12,2,0,1075,0,0,0.8358143281353996,2,1
88,28.637363961511223,77.41336672007792,1,0,0,1534,1,4,0.8409474425809706,2,0
89,28.71997369854295,77.43055641168947,2,0,0,2698,9,1,0.8284408785758623,2,0
90,28.720270010601777,77.43693677171107,2,0,0,2475,3,2,0.32432823688389106,4,0
91,28.728032786893188,77.43769156388163,5,0,0,994,0,3,0.32993446758055345,4,1
92,28.676696063313557,77.4186987057362,0,2,0,817,9,1,0.8566129674410787,1,0
93,28.60357539888238,77.38949503382243,1,0,0,1036,3,3,0.3826420833387104,2,0
94,28.724858765718054,77.33567670473393,1,0,0,1816,4,2,0.4234055680315729,2,0
95,28.672828597106065,77.4908906795118,16,2,0,2463,9,3,0.5844780853403948,4,1
96,28.699185407922027,77.4056038477958,1,0,0,4410,8,4,0.6318780904172641,4,0
97,28.73785632892491,77.43426859156637,3,0,0,2261,3,1,0.20224087916852743,2,0
98,28.61454788953034,77.47868358114016,0,0,0,4028,3,2,0.9162756853835519,1,0
99,28.72055842594647,77.47258809976434,0,0,0,4113,6,1,0.849329972535019,1,0
100,28.7030203221316,77.44086530318475,0,0,0,3626,8,3,0.3931525087189677,2,0
101,28.723875393813064,77.47604081937114,0,0,0,3142,7,2,0.4348644531915117,1,0
102,28.693066102022264,77.3477969547531,2,0,0,3479,6,4,0.2857005517693694,4,0
103,28.67922275743075,77.41597540123614,1,0,0,620,2,1,0.8580456891678951,4,0
104,28.66937233588951,77.44721954822109,0,0,0,2918,7,1,0.3715570525824678,3,0
105,28.698030011465793,77.41487040677897,0,0,0,1927,2,0,0.4959729303352102,3,0
106,28.64317906663884,77.48619989310677,2,0,0,777,8,3,0.5804785179063023,0,0
107,28.732587818986513,77.34745286540056,14,1,0,2950,2,3,0.379473397834817,3,1
108,28.72846634570674,77.47763415770353,1,0,0,1464,8,4,0.7732834261534398,2,0
109,28.6641396799589,77.43210526823106,0,0,0,886,1,3,0.2743690133948786,2,0
110,28.65745956381935,77.44487279014271,2,0,0,4176,7,1,0.6319801752739418,1,0
111,28.68245866388876,77.31424421901879,0,1,0,2247,5,0,0.6747854759034653,4,0
112,28.72570894016679,77.46803248638709,2,0,0,1086,3,0,0.5065040499445159,4,0
113,28.631350123027474,77.4100194791237,3,0,0,3938,3,4,0.26636254987115154,1,0
114,28.692557137806016,77.36852688364209,1,0,0,1422,7,2,0.27923533557216756,0,0
115,28.711335256576845,77.33562875413104,1,0,0,4046,4,3,0.8787462911206776,1,0
116,28.694530795815503,77.4754543308448,1,0,0,3886,4,2,0.3002228558314928,1,0
117,28.614647742024246,77.43088754953247,0,0,0,4444,9,1,0.7994002515198426,0,0
118,28.73805226745017,77.48149076230844,3,0,0,940,0,4,0.4654973531055678,3,0
119,28.72404516819242,77.3504047284745,2,0,0,3190,4,0,0.772167890325753,3,0
120,28.67890484962208,77.37159103160049,1,0,0,831,3,3,0.6497793101513589,0,0
121,28.677930033687975,77.37179973656559,0,0,0,1224,9,0,0.9996556950610205,3,0
122,28.69135984534465,77.33714732927048,0,0,0,2200,7,3,0.5029122238482246,4,0
123,28.72289840308731,77.33022716156927,1,0,0,1136,8,2,0.8340696746798955,2,0
124,28.670268019844492,77.44976131800813,0,0,0,2879,1,3,0.46226204485897643,4,0
125,28.704549543694583,77.30437353808883,4,0,0,648,9,0,0.5080135882827483,3,0
126,28.6802497379214,77.37824400204465,11,2,0,4779,5,0,0.9155586216717309,1,1
127,28.644156524941845,77.3121199277819,3,0,0,1899,9,1,0.8300049382551684,2,0
128,28.610446033211588,77.34654811969195,10,2,0,3477,7,2,0.5561844087307848,1,1
129,28.655086219009714,77.43220400773113,2,0,1,1930,2,4,0.5071095591221642,4,0
130,28.707548938469255,77.42152208642452,10,2,0,4894,4,3,0.5517304889602437,3,1
131,28.693913571340477,77.35968472955737,1,0,0,1917,8,1,0.6515636234386104,4,0
132,28.656771269370186,77.33491297270209,12,1,0,2010,7,1,0.35732749670464864,2,1
133,28.616483329544177,77.31518644047668,0,0,0,4295,2,2,0.7090046449828724,3,0
134,28.69140138625049,77.49839600462967,0,0,0,4254,8,1,0.6913452278869983,4,0
135,28.663992576282055,77.304189943011,1,0,0,1576,9,2,0.5189837461232012,1,0
136,28.66166027230473,77.32918252601499,1,0,0,4474,1,3,0.3977439577449935,4,0
137,28.663232889561893,77.47955531575924,1,1,0,2219,6,2,0.3273675430556853,4,0
138,28.69264995988744,77.4097475449207,0,0,0,2059,7,2,0.4955246510241693,3,0
139,28.647872562734655,77.3030888221533,1,0,0,1667,5,4,0.537861409814573,2,0
140,28.690373734081344,77.32668433076819,1,0,0,1694,1,2,0.3842491324082251,0,0
141,28.733808203748023,77.35191005695273,0,0,0,995,5,4,0.8542212484051446,0,0
142,28.64670495266471,77.4430359370131,3,0,0,2715,5,4,0.5036476206165792,0,0
143,28.66000177473358,77.36949203294834,2,0,0,945,6,0,0.2733457143273615,1,0
144,28.72251750877514,77.48097743970979,0,0,0,4648,3,1,0.39222239038742174,0,0
145,28.691556118524367,77.39997725654683,1,0,0,3728,9,4,0.6541533634450074,0,0
146,28.706496894177658,77.38137150399561,3,0,0,2784,1,2,0.4807406624562572,3,0
147,28.641496439125895,77.40963787866407,1,0,0,3018,1,1,0.8452937307356927,3,0
148,28.74796838986376,77.346909956451,1,0,0,1634,7,2,0.6901958570474656,0,0
149,28.69955788119322,77.35654439262342,2,0,0,3751,6,0,0.41634624634096745,0,0
150,28.651992774174158,77.40165927336135,2,0,0,2471,5,3,0.8122942970934535,1,0
151,28.612112607778652,77.34191382276823,2,0,0,1791,6,4,0.5475222676351821,0,0
152,28.620551398912397,77.30522531122247,0,0,0,2129,8,1,0.9331467095282056,0,0
153,28.688225380922585,77.3768157868698,1,0,0,2843,4,3,0.5424876384569712,1,0
154,28.724279364184518,77.43431442251696,2,0,0,756,5,3,0.8002998647833413,1,0
155,28.683743052265932,77.35369137095448,1,0,0,1555,7,1,0.6603300298831869,4,0
156,28.742284564170774,77.32219361821765,0,0,0,1754,3,2,0.521362682668583,4,0
157,28.66138649682068,77.3067441259081,14,2,0,615,9,0,0.9854338434136729,4,1
158,28.682001234908615,77.47111689412439,1,0,0,2529,0,4,0.5778951140741082,1,0
159,28.73426872575744,77.37128457097276,10,4,0,793,2,0,0.516845446171849,0,1
160,28.69405083836961,77.4718886303445,12,1,0,2214,4,3,0.30941873044935087,2,1
161,28.702839007736976,77.3026974381101,1,0,0,603,1,0,0.3042800452951272,2,0
162,28.71905707951249,77.38647507934873,4,0,0,3250,5,1,0.3664068156390352,1,0
163,28.615649596273997,77.3507483313815,0,0,0,3718,0,2,0.2577021830871153,3,0
164,28.722618972715207,77.45505621370313,9,2,0,2152,4,3,0.8579735139282996,1,1
165,28.61221005022862,77.39195810458617,1,0,0,2611,5,3,0.2742468040767942,1,0
166,28.643448988655173,77.36217981186678,17,1,0,4089,9,2,0.5206230033600918,0,1
167,28.66333779223557,77.41119717152853,1,0,0,1028,9,4,0.23711783642812145,4,0
168,28.697328039867003,77.32406990176894,4,0,0,1032,0,4,0.49007270730082225,3,0
169,28.7072794386368,77.32556538720605,1,0,0,1031,5,2,0.672110647588017,2,0
170,28.667658601172494,77.49353329843964,7,2,0,1027,9,0,0.9236155045824164,3,1
171,28.680258779214103,77.38957586972347,1,0,1,2742,1,0,0.9120944731456246,0,0
172,28.638829096072197,77.47713102086591,17,3,0,793,9,1,0.3363474466688966,0,1
173,28.733958347595465,77.43425179397276,11,2,0,1414,8,0,0.7435685676011674,3,1
174,28.650806303909395,77.33114775606407,1,0,0,2008,9,4,0.654781658788328,3,0
175,28.622477785569576,77.45335381360182,2,0,0,4184,2,3,0.714155602283727,3,0
176,28.644258242052366,77.43083351195943,2,0,0,838,7,4,0.9956420116556501,4,0
177,28.68459154797249,77.30088031094873,0,0,0,2592,9,0,0.49458502178586133,0,0
178,28.703545337473066,77.36188854678284,3,0,0,4245,8,3,0.21197283110427112,1,0
179,28.7390453134316,77.4167366042958,2,0,0,3751,0,0,0.9784979175440105,1,0
180,28.71860652027388,77.35370225108925,1,0,0,1335,3,1,0.9199173469519151,4,0
181,28.641924449215715,77.37817867820739,1,0,0,2995,2,3,0.805732675718146,0,0
182,28.639496587874483,77.4701372922003,2,0,0,1127,6,4,0.5086492350973122,1,0
183,28.73418036230378,77.34942631340277,1,0,0,4577,9,2,0.45014356968020386,4,0
184,28.733222673393563,77.32566690041904,0,0,0,1947,4,4,0.636845799128001,2,0
185,28.672671560684933,77.40081446914638,1,0,0,4560,9,4,0.2442889612189676,1,0
186,28.609033394723056,77.3524826235573,2,0,0,2560,3,1,0.9118343739386525,2,0
187,28.690824628865762,77.45693655185374,7,1,0,3062,4,2,0.9003725197636625,1,1
188,28.69364367445565,77.31289600716542,1,0,0,1895,2,2,0.4810322383204526,4,0
189,28.615118187541,77.36903694110089,0,2,0,4382,3,1,0.7962123009523625,3,0
190,28.713037201295478,77.35858948768528,1,0,0,882,2,2,0.26529769359106115,4,0
191,28.73300164621248,77.40045836343378,1,2,0,3753,8,2,0.41216639021139523,4,0
192,28.62190734210842,77.30073599326585,3,0,0,1083,4,3,0.48442182601891093,4,0
193,28.737098512598443,77.34917023330846,1,0,0,3591,7,3,0.6681599018779718,1,0
194,28.640250384137275,77.45032879973927,0,0,0,1469,8,1,0.6111457689131077,1,0
195,28.684858899148786,77.31817347790208,15,3,0,3938,3,4,0.5640058042533294,4,1
196,28.72695226753947,77.32072406401883,4,0,0,4860,9,2,0.5216860527775655,3,0
197,28.669879421996733,77.34012213511815,2,2,0,3440,7,3,0.6604265442746882,2,0
198,28.72628329917614,77.30775653455547,0,0,0,1591,0,3,0.553741956625853,0,0
199,28.641482314984604,77.45655257662385,2,0,0,3733,5,2,0.2725644661051232,4,0
200,28.71085795500488,77.3479282571643,7,1,0,1485,1,4,0.72638596636841,4,1
201,28.744823274374667,77.36816862674219,13,2,0,1124,1,3,0.3736041841330553,2,1
202,28.696282013323152,77.48275762664375,1,0,0,1679,1,2,0.9660896124085621,2,0
203,28.743367103929558,77.46133954650851,2,0,0,4283,9,1,0.8578597423348899,2,0
204,28.73071610865897,77.37570927995546,5,1,0,1267,7,3,0.3726396073323659,2,1
205,28.720827315672718,77.42198549950496,3,0,0,4184,0,0,0.20806543179585255,4,0
206,28.62114576521952,77.36612110905428,1,0,0,4709,7,1,0.28093359732973194,3,0
207,28.630177664407178,77.42669111725863,1,0,0,4090,8,3,0.7628542503098092,2,0
208,28.627575874534053,77.35187606912636,4,0,0,786,6,1,0.9824072186287032,2,0
209,28.627351338243983,77.48781089039086,1,0,0,4491,6,4,0.9376372669791826,2,0
210,28.69445141454726,77.31618181634566,0,0,0,2414,6,4,0.32518716620995003,1,0
211,28.723071140253612,77.35575264001999,14,2,0,2016,5,3,0.5909746562855781,0,1
212,28.62954668030427,77.34703225093385,1,0,0,3914,1,4,0.9155623824972781,4,0
213,28.62140002173469,77.32227941052051,0,0,0,1312,0,3,0.522817727927132,2,0
214,28.725456701260164,77.37429013662118,2,0,0,2458,9,1,0.45350105460712736,2,0
215,28.65088915146734,77.37512244694832,0,0,0,2162,9,1,0.47491274250219534,1,0
216,28.612867056974537,77.37949049130027,1,0,0,2128,3,1,0.27669590004954464,3,0
217,28.727650348870117,77.36923581160326,1,0,0,1523,2,0,0.7517269025952531,1,0
218,28.728857257368734,77.45160482996864,4,0,0,3737,1,1,0.24444949678822053,4,0
219,28.617009317117745,77.36599357242494,1,0,0,1711,5,4,0.9621739371543254,4,0
220,28.713478593856713,77.37535894349679,8,2,0,2461,5,2,0.644512627192652,4,1
221,28.730644948093875,77.32094860906308,2,0,0,2779,0,3,0.72444510290091,2,0
222,28.72472119454049,77.38163687985039,0,0,0,2736,0,0,0.7851645006643657,3,0
223,28.669728152995166,77.47682991545467,0,0,0,3576,5,0,0.5484289280075793,4,0
224,28.602518313757283,77.33435190156632,1,0,0,1725,0,0,0.5130637134113796,1,0
225,28.671190486897896,77.31041773103105,2,0,0,3387,2,1,0.7918597625725923,3,0
226,28.73402612143218,77.34361998648018,1,0,0,3440,6,3,0.6358417514302711,4,0
227,28.669598013963373,77.35055589667236,2,2,0,3578,6,4,0.8161229867116184,0,0
228,28.690819729100586,77.33303120179058,0,0,0,1410,1,3,0.9962983959920377,3,0
229,28.608708421873217,77.3552391078651,10,1,0,2315,9,0,0.9618067741282967,2,1
230,28.603805366160717,77.36299522872278,2,0,0,2517,6,3,0.6997839064755543,3,0
231,28.741933334334032,77.4578536584617,1,0,0,3258,0,1,0.5866312513819906,4,0
232,28.6429410528269,77.38430389282513,0,2,0,2171,7,3,0.8759826861216036,4,0
233,28.605047834363546,77.3876017177014,0,0,0,3858,3,2,0.8258126075125622,0,0
234,28.735419862561457,77.37694846506155,2,0,0,1569,9,2,0.6643591963561497,4,0
235,28.731817084637704,77.49550636957208,12,1,0,4996,8,4,0.44385331629164776,1,1
236,28.601958808471334,77.47602722623822,0,0,0,2427,9,0,0.4600906055808312,4,0
237,28.656972114851463,77.45113630461874,0,0,0,4402,3,1,0.5004657727735151,0,0
238,28.61043874303372,77.35317605879686,3,0,0,2869,1,0,0.38179736483899096,1,0
239,28.638354870293135,77.42960017547192,3,0,0,1695,6,0,0.5627618374237693,0,0
240,28.74197487256057,77.42874955589663,1,0,0,3424,3,0,0.5662563810864458,1,0
241,28.61518871945346,77.36736243237613,10,2,0,3499,4,3,0.24449741473877512,3,1
242,28.677677575990515,77.44423123250066,11,1,0,511,1,1,0.7619050427205238,4,1
243,28.709744441947823,77.451668211789,14,1,0,546,8,0,0.42417338088783013,0,1
244,28.615190021635318,77.30381833384885,2,0,1,3938,2,0,0.6194132012810296,4,0
245,28.6152577018806,77.32570660811314,15,1,0,4086,2,3,0.8278154825448709,1,1
246,28.619365559893836,77.47484166769364,3,2,0,2217,8,3,0.6774471998550533,3,0
247,28.678246065289468,77.34457388471861,2,0,0,1975,7,4,0.7463533978021344,4,0
248,28.60532730154882,77.39274454879076,2,0,0,1265,4,3,0.5937529400137956,2,0
249,28.605741357672663,77.33727813199823,2,0,0,4075,8,0,0.22495741362502075,2,0
250,28.646974456574775,77.43662037999508,2,0,0,1047,2,4,0.40098848069039017,0,0
251,28.661284973431066,77.34876109713944,0,0,0,2028,4,2,0.2932440780231632,4,0
252,28.69409208779196,77.30577034210158,3,0,0,3362,7,3,0.7548653102335705,0,0
253,28.626278776501255,77.41977864775212,1,0,0,3849,0,1,0.20076763776900758,4,0
254,28.74057755504238,77.48379846439646,3,0,0,1086,9,1,0.30458469110763275,3,0
255,28.61128134949894,77.41409079100289,1,0,0,4022,4,3,0.7265115074217106,3,0
256,28.600743516109816,77.3700006710939,3,0,0,3042,1,0,0.32694371271649053,3,0
257,28.67961110970551,77.30693832064571,0,0,0,1207,6,0,0.9260122146059377,2,0
258,28.60846737452444,77.3794984801969,1,0,0,4506,1,2,0.2819890651131418,1,0
259,28.670867741541965,77.34002223512415,1,1,0,4486,0,0,0.26416382243181974,1,0
260,28.700769506500546,77.45773096492056,1,0,0,2142,1,4,0.4393314222073662,1,0
261,28.664059506029773,77.39479340119735,1,0,0,4302,9,0,0.28378024412365577,4,0
262,28.715866858962833,77.34175926209203,1,0,0,1099,9,1,0.5800134981802965,3,0
263,28.703740590032517,77.45096490498581,0,0,0,3215,1,3,0.5744361545596683,3,0
264,28.621726667700514,77.38139435600901,0,0,0,4440,9,4,0.6464483875291256,0,0
265,28.624054524361735,77.31819205901849,1,0,0,1044,4,1,0.43353398094057893,4,0
266,28.727436716003382,77.3149682047033,12,2,0,3392,0,0,0.6913127293761545,2,1
267,28.64615186550856,77.42242685362851,2,0,0,1200,1,3,0.9543864856964022,1,0
268,28.748253441600436,77.31572841744472,13,1,0,1440,6,0,0.7191115419241105,0,1
269,28.68061163485673,77.39419371616296,6,2,0,1697,2,3,0.7711382612169253,2,1
270,28.74381385515937,77.48543838145933,8,1,0,3835,3,0,0.7181810492231337,0,1
271,28.703648956683548,77.33685710468448,1,0,0,3401,8,3,0.6844033143128467,3,0
272,28.743042597590584,77.31927810547997,1,0,0,887,4,2,0.6216395222209616,4,0
273,28.62056908237545,77.32705792662176,0,0,0,1056,4,4,0.799842654879795,4,0
274,28.732671677176015,77.34450778167297,2,0,0,2572,9,4,0.24167328399312923,3,0
275,28.645122929933006,77.45561484466624,4,0,0,3986,9,2,0.21961126303321557,2,0
276,28.72836275307604,77.32555019713732,16,2,0,4878,1,0,0.4372059854688839,2,1
277,28.727212817002762,77.45781024283436,15,2,0,3832,2,2,0.6820125274475748,4,1
278,28.730381248486513,77.39949959564761,1,0,0,3468,3,3,0.7728327586625694,4,0
279,28.638506854570068,77.47715838461373,3,0,0,1928,0,2,0.2883904111341825,4,0
280,28.74985913163481,77.36077989964824,3,0,0,4623,9,3,0.8896496035519048,1,0
281,28.648522656385893,77.39340728370306,12,1,0,3726,5,2,0.2919805460387972,1,1
282,28.72407550390398,77.41107497221341,2,0,0,2647,7,0,0.83792226354877,1,0
283,28.6702160581724,77.48983977569927,0,0,0,2943,3,4,0.6075614731379493,4,0
284,28.732121165664623,77.31060504662088,16,1,0,2941,1,3,0.830156389627613,1,1
285,28.696816299835955,77.46452833593304,1,0,0,2508,9,3,0.5962883474135581,1,0
286,28.6656026998468,77.30305909992764,1,0,0,2735,2,0,0.8322965117299475,3,0
287,28.708707981681055,77.31177178105814,1,0,0,2325,7,3,0.2305421346365516,3,0
288,28.67981667840121,77.35452110594618,17,2,0,1461,8,4,0.9954875454932706,4,1
289,28.72889978468744,77.42175681517696,5,0,0,4459,2,4,0.3279448511971899,0,1
290,28.678120249298384,77.3969939780674,0,0,0,4441,7,0,0.25571239401261314,1,0
291,28.628239269522528,77.3882368474696,3,0,0,696,6,0,0.3303575282253638,3,0
292,28.716735645348155,77.32138170513505,0,0,0,2924,9,0,0.5047574356997335,4,0
293,28.707509618849585,77.37236479064745,12,1,0,2218,0,2,0.6178143985478082,2,1
294,28.715611240256266,77.45962613386521,3,0,1,4396,0,4,0.7469106953798474,4,0
295,28.62015179161374,77.36799577827047,1,0,0,1223,4,2,0.6730088632267073,4,0
296,28.61280896133682,77.372820085004,2,0,0,1327,4,2,0.5283950746124662,4,0
297,28.619382824441935,77.38369378513893,5,0,0,2509,5,4,0.9047059874971153,2,1
298,28.663353375381263,77.32011924083568,2,0,0,4315,3,3,0.3124185953789662,0,0
299,28.62982513426396,77.48283513471465,10,1,0,3332,8,4,0.9651757939394645,4,1
300,28.74091358393082,77.31629602442341,1,0,0,2200,8,1,0.9845040798663414,4,0
301,28.629733084276392,77.35857611527393,1,0,0,815,6,2,0.9502695400257946,1,0
302,28.74527898191013,77.47633886687967,1,0,0,1763,2,2,0.390102898159248,0,0
303,28.602984265803702,77.40034722756285,2,0,0,1818,2,3,0.9866868563666897,0,0
304,28.67235368748381,77.31216160279678,4,0,0,4704,0,1,0.5020881083545221,0,0
305,28.749650379564414,77.30501266816786,0,0,0,3546,8,0,0.9231110085274641,1,0
306,28.66388958562688,77.32300431723172,1,0,0,4932,6,3,0.7079542084526744,3,0
307,28.602235051715063,77.35241058736256,1,0,0,2847,3,3,0.2587601373983918,1,0
308,28.6909279177441,77.33228376399053,1,0,0,3437,9,2,0.41813749247043375,2,0
309,28.678819520221193,77.30693904159136,3,0,0,4604,0,0,0.8625916692369133,3,0
310,28.658875860284834,77.49956030028989,1,0,0,2006,0,3,0.7150411036189204,4,0
311,28.705175923795927,77.42871577425032,0,0,0,3099,4,0,0.7308564009911176,4,0
312,28.62068888997103,77.45400161654067,0,0,0,4569,4,4,0.47713724055670037,0,0
313,28.67565263480601,77.39657118442702,2,0,0,1414,3,2,0.45524173636577947,3,0
314,28.700558357127722,77.4373233015127,0,0,0,2317,8,4,0.4184617545193577,3,0
315,28.676085786978103,77.30712019783934,0,0,0,2809,1,4,0.6249257055523261,3,0
316,28.739362767587426,77.3820584912148,0,0,0,2907,4,4,0.6083151591124885,2,0
317,28.676250367244496,77.34698142278434,0,0,0,1943,4,2,0.47666449313064396,3,0
318,28.61604417891928,77.30121549278306,3,0,0,4326,0,3,0.948384574895867,2,0
319,28.727106700926686,77.34655056378963,2,0,0,1345,3,4,0.7428356871476869,4,0
320,28.7215984141986,77.44385675236244,4,0,0,1054,7,1,0.6004798426099534,2,0
321,28.680279996285336,77.47472091860735,1,0,0,2103,3,1,0.8526825947105179,1,0
322,28.637966603507927,77.31172488440328,2,0,0,2660,1,4,0.5916953869205452,0,0
323,28.610196911789465,77.46612383386685,3,0,0,3685,2,4,0.43371368103029806,1,0
324,28.724443640187452,77.40976483283904,9,2,0,863,4,3,0.6697210953170669,0,1
325,28.621503378738023,77.44493069795385,2,0,0,1780,1,4,0.7876769455000525,0,0
326,28.611225278817457,77.30652987319687,1,0,1,1417,2,2,0.35923988796998785,3,0
327,28.636266274676295,77.41669882289287,0,0,0,4030,7,3,0.9698893269387763,4,0
328,28.624399179016535,77.42800622896853,0,0,0,3304,3,3,0.9568747728897427,1,0
329,28.706240475883774,77.46837211849383,1,0,0,2837,2,4,0.8456614100796715,3,0
330,28.737287043346903,77.33845763881943,1,0,0,2771,8,3,0.4818441638476797,4,0
331,28.723673954965676,77.35946475100786,2,0,0,4637,3,0,0.8325597786524939,2,0
332,28.685117186372608,77.39358987956862,13,1,0,1441,8,0,0.9760290213028369,4,1
333,28.602353257791673,77.46869703842793,0,0,0,1150,3,1,0.8930242498014658,2,0
334,28.651594764283633,77.43853363588389,2,0,0,1690,1,2,0.9152194760741483,1,0
335,28.675164340748854,77.48038557461665,1,0,0,925,3,3,0.6850704946484019,0,0
336,28.65006239658336,77.41845031176908,9,1,0,4566,5,3,0.2370151953824407,4,1
337,28.749320110077655,77.3475716245131,1,0,0,4355,8,4,0.4106541797106066,1,0
338,28.687116752124876,77.4634633947081,3,1,0,1293,7,3,0.8719965072679616,3,0
339,28.71791232677746,77.46601980413261,2,0,0,2393,7,1,0.5382269008406597,4,0
340,28.671174713780267,77.42396546417427,1,0,0,662,3,4,0.9381028206496724,1,0
341,28.66950508309746,77.30719567361297,6,1,0,4371,4,2,0.7735518383329254,2,1
342,28.6754798851005,77.46063273415726,0,0,0,3094,9,4,0.6865367714305028,4,0
343,28.6484608964347,77.35854854067709,1,0,0,2663,2,0,0.28418544701508397,4,0
344,28.649450643471692,77.31978887820472,10,3,0,3251,2,1,0.9039746248081604,0,1
345,28.742852747418095,77.3499198734408,0,0,0,4975,9,4,0.32658378900239926,2,0
346,28.66485628095436,77.42106011978127,1,0,0,3328,7,0,0.7299573009887168,3,0
347,28.73437285832215,77.39518233665395,2,0,0,1940,6,0,0.7556715418279707,3,0
348,28.649350090327502,77.44114403269157,0,0,0,1107,8,1,0.47614225985467773,4,0
349,28.6928474216431,77.44200259989275,9,1,0,3987,3,4,0.46789795324846256,2,1
350,28.658953339642622,77.3453014299228,2,0,0,2581,4,0,0.9051910507863143,3,0
351,28.67874519533567,77.49129530975692,1,0,0,4511,0,0,0.3283597592675983,1,0
352,28.641211439377425,77.4576330246734,0,0,0,4494,3,3,0.5836618174687132,4,0
353,28.646212898727256,77.37776617870472,1,0,0,4466,9,2,0.931442417647155,2,0
354,28.68862028225937,77.4954759968854,13,2,0,3558,7,4,0.5330604709587745,4,1
355,28.632674424393976,77.31571168579683,10,2,0,619,7,1,0.6965946137230752,4,1
356,28.67230674511716,77.37149643263078,10,3,0,2097,8,4,0.43084274796027167,1,1
357,28.716645195836676,77.33934705619836,2,0,0,4180,3,3,0.4052199037973915,0,0
358,28.7488500000691,77.36292031480127,1,0,0,1651,9,3,0.8015419715743697,0,0
359,28.70556688598018,77.31381372971273,0,1,0,4997,5,1,0.27933264797850504,1,0
360,28.66621300447516,77.49869920965037,1,0,0,4480,3,1,0.9015396562517028,4,0
361,28.724172871342393,77.3783647428131,2,0,0,4138,1,4,0.33406136628754557,0,0
362,28.67265905781409,77.31781380097208,3,0,0,4128,8,2,0.5360988190651881,0,0
363,28.72086104985756,77.49774936571761,2,2,0,3547,5,0,0.3979657503190443,1,0
364,28.657722159576945,77.49159701937857,4,2,0,3139,6,0,0.4063713332619888,4,0
365,28.664156182492416,77.39963857347915,0,0,0,3095,2,2,0.7376058935935552,4,0
366,28.699861504245522,77.45615220698893,1,2,0,3527,9,1,0.7615685603741911,3,0
367,28.70293871793999,77.38848747629501,1,0,0,572,9,0,0.962782375024714,4,0
368,28.713575977676406,77.31722488431299,3,0,1,4559,6,2,0.7037260353586443,0,0
369,28.682867491640888,77.48078647211739,0,0,0,4213,5,2,0.5167608233859957,1,0
370,28.688394702026407,77.33314898504865,1,0,0,2695,8,3,0.6834551143716385,3,0
371,28.684645762680383,77.37704582639708,0,0,0,3464,3,0,0.6933244281480697,2,0
372,28.7238810682363,77.44945508412015,0,0,0,4944,4,2,0.6279503803655049,3,0
373,28.705367520719765,77.40973588840282,1,0,0,4179,1,1,0.9669120390166013,4,0
374,28.67708844945537,77.49578361358962,4,0,0,683,1,2,0.8303960742587149,4,0
375,28.71702001161726,77.31352421671261,1,0,0,3992,9,4,0.8351792710195489,1,0
376,28.674255148624322,77.35633671247396,3,0,0,590,6,1,0.6648784500937073,4,0
377,28.630652994006557,77.32809388617103,3,0,0,2797,8,3,0.5201869268321542,0,0
378,28.69795437723744,77.35670035723703,1,0,0,3489,7,0,0.6633275994805722,4,0
379,28.71147010481788,77.31251312142733,8,2,0,3530,3,1,0.6111954656192637,0,1
380,28.661850157162622,77.34469204181181,2,0,0,3597,0,1,0.9915428264579642,4,0
381,28.626472429699152,77.38436474817239,2,2,0,4125,3,0,0.5661674537477686,4,0
382,28.70831589304745,77.3695625856346,2,0,0,2865,5,0,0.4846420650362941,2,0
383,28.73516078481857,77.36956963176223,0,0,0,1092,0,0,0.3060873038462993,3,0
384,28.695714809750193,77.31276684072283,0,0,0,2229,2,1,0.4240921822734107,2,0
385,28.677495960295737,77.4431638664104,3,0,0,1589,4,3,0.9167826938845196,1,0
386,28.665198857886356,77.41607575879075,7,2,0,3792,4,2,0.31812696150161895,3,1
387,28.7047999151201,77.43073294378645,3,0,0,4558,9,2,0.8052694906628051,4,0
388,28.651655519790488,77.36351356537664,5,0,0,845,5,0,0.48029089984714934,3,1
389,28.61867954983092,77.4938266819212,1,0,0,1324,4,3,0.5898643701537656,1,0
390,28.655292717501855,77.47147848580195,2,0,0,4124,8,4,0.4900251211635313,3,0
391,28.699679386481996,77.41866669150978,2,0,0,3978,2,3,0.7855903317164208,3,0
392,28.667871045512932,77.39669839348106,2,2,0,509,5,1,0.9453999500623367,3,0
393,28.64726067813256,77.37058057346658,8,2,1,2249,6,2,0.35722574710174504,2,1
394,28.635907306372005,77.43466569695141,0,0,0,4949,6,3,0.9140319037758371,3,0
395,28.72164288867234,77.37535862705111,1,0,0,3146,1,3,0.3637142873991603,4,0
396,28.65481914738399,77.3082628278606,3,0,0,3698,2,3,0.2586034197976588,2,0
397,28.65114279453123,77.39268958575164,3,0,0,4253,1,1,0.2606916476743008,2,0
398,28.64922338116824,77.33648388143533,3,0,0,3622,3,0,0.24592448563316333,4,0
399,28.60473088771062,77.39760117713752,1,0,0,4393,1,3,0.4532794584778345,0,0
400,28.60624835378727,77.40072672465026,1,0,0,3389,3,3,0.48761543633773585,2,0
401,28.69629232940213,77.30018420708507,2,0,0,4629,7,1,0.9286065020519974,3,0
402,28.734373949367683,77.41280706626279,1,0,0,3085,2,3,0.7139435658458404,2,0
403,28.6053440481872,77.4995226927328,1,0,0,2115,5,0,0.4179706628238369,3,0
404,28.680528370606975,77.46582921764858,5,2,0,1132,1,4,0.21574439137958468,2,1
405,28.60126863883447,77.36308841739233,3,0,0,2628,6,0,0.7519591047037879,1,0
406,28.71268924825976,77.33250426948203,4,2,0,3165,5,4,0.6168231056585782,2,0
407,28.70511785342863,77.38206453355289,0,0,0,1331,8,0,0.43939588417785863,4,0
408,28.63695214968863,77.43500879189321,5,0,0,4533,9,1,0.4925743431735254,1,1
409,28.67125419596983,77.41551196220773,14,2,0,4403,2,4,0.3749942879012797,3,1
410,28.742728391856367,77.32789189455339,1,0,0,2067,9,1,0.514552417721428,0,0
411,28.638665859936456,77.46218572898425,2,0,0,744,0,2,0.2500447419217324,4,0
412,28.6848446421843,77.33849498222548,2,0,0,2965,0,1,0.38231062813029476,2,0
413,28.682522252444546,77.43346454725555,2,0,0,778,0,2,0.7061916896266469,3,0
414,28.631834597383538,77.34241990085597,1,0,0,2642,1,2,0.5377047376861417,3,0
415,28.66235649383031,77.35601719467864,2,0,0,3450,9,4,0.46792362707777263,3,0
416,28.623968874873377,77.46391838593073,3,0,0,4106,6,0,0.9974878273988121,2,0
417,28.609584438598645,77.47999042323318,1,0,0,2882,7,4,0.5890871318768804,0,0
418,28.622980120011473,77.48484021453208,4,0,0,1907,9,0,0.9742924779161413,2,0
419,28.708159358558117,77.42514519539922,2,0,0,1228,1,1,0.9778142921609656,0,0
420,28.72851958800726,77.47576853760593,2,0,0,1951,6,3,0.29289721825255194,2,0
421,28.68150990955114,77.41795332611103,1,0,0,4922,7,4,0.8126259897458137,3,0
422,28.636367020889416,77.48395556159835,0,0,0,1167,6,1,0.4080176607476098,4,0
423,28.702909841374755,77.36861656541194,1,0,0,1434,8,3,0.6256776105360766,1,0
424,28.685892061868227,77.33251408221852,3,0,0,4623,8,3,0.365324562117059,3,0
425,28.600670225198947,77.49486366474875,3,0,0,3937,8,0,0.3399703800130885,4,0
426,28.737410668281306,77.39956714624755,1,0,0,4092,3,4,0.5234465878470071,3,0
427,28.694210806353425,77.41940037242972,10,1,0,3091,0,1,0.9266220670490919,3,1
428,28.643387528313696,77.37753113276817,2,0,0,1517,3,0,0.45199087172078195,0,0
429,28.608829694584223,77.30914092729334,0,1,0,2491,9,2,0.8399560393179155,0,0
430,28.67166269867401,77.44740193483491,3,0,0,3239,0,3,0.9313432997584725,3,0
431,28.60365153689545,77.38598844437675,1,0,0,2241,6,0,0.7701049616197218,1,0
432,28.633022043806385,77.36172418896909,0,0,0,4302,3,1,0.8468314517174684,2,0
433,28.614479222256442,77.43572013744674,2,0,0,3812,7,2,0.5072390935986166,2,0
434,28.66271270539437,77.30289674203219,0,0,0,4682,9,4,0.4911889226075206,1,0
435,28.65632448683389,77.48281359928163,13,1,0,3403,1,4,0.7633130554127541,0,1
436,28.61132726308446,77.38327064234949,0,0,0,3450,0,1,0.8339278276889197,0,0
437,28.676316019314157,77.33064744759018,1,0,0,1538,8,0,0.21570723716697016,0,0
438,28.600605098705557,77.4703493848208,8,1,0,510,5,4,0.7806229143639056,0,1
439,28.681072085334055,77.44126616347987,3,2,0,2174,6,4,0.5683988725688863,4,0
440,28.705521387301896,77.48158812113279,0,2,0,2573,7,4,0.9829078739177368,0,0
441,28.66848820246011,77.30965767723806,2,0,0,3791,0,4,0.7651885554531848,1,0
442,28.679140807384528,77.48175552134494,0,0,0,1771,3,3,0.5937403736796845,0,0
443,28.711568568971444,77.47090883828051,1,0,0,1773,0,4,0.7850181027723286,4,0
444,28.716077074230412,77.41378307198173,1,0,0,4339,6,3,0.9508825676229391,3,0
445,28.719824783374943,77.33306599742161,10,2,0,2590,4,2,0.7046882442258346,2,1
446,28.639910521927536,77.42060426518594,1,0,0,3158,1,1,0.6186050664394986,4,0
447,28.63848030257386,77.48998965533949,3,0,0,2830,8,0,0.6354380714768502,3,0
448,28.644326026854632,77.41956335661135,0,1,0,2801,3,4,0.6570938385853937,3,0
449,28.739463504660588,77.4289240420053,2,0,0,945,8,4,0.7288212094789859,0,0
450,28.631670075631423,77.4525118590997,13,1,0,1647,0,2,0.23888423431919437,1,1
451,28.674624038084175,77.38696513592193,1,0,0,2543,6,0,0.8478236359249289,1,0
452,28.721456238211857,77.41097790069469,15,2,0,4748,1,2,0.658672149421287,2,1
453,28.615191818674173,77.47788426027017,0,0,0,3712,2,3,0.27135733979030197,2,0
454,28.700175299089672,77.4168908383339,0,0,0,2806,1,3,0.8418028731780163,3,0
455,28.700539030091488,77.49954278060562,1,0,0,2096,5,1,0.3351116073419417,4,0
456,28.72493312722187,77.35722980550536,1,0,0,3539,7,1,0.40877328212032893,4,0
457,28.66937402334545,77.32889258718602,3,0,0,2819,0,0,0.9607708337344476,3,0
458,28.744025862001173,77.31514080172032,1,0,0,4254,4,4,0.6199445022058976,1,0
459,28.609307692950797,77.48204928816547,1,0,0,3977,7,3,0.6407001745480512,3,0
460,28.669648783808846,77.43760708162097,0,0,1,3716,0,2,0.898568139648702,3,0
461,28.677323679464322,77.30565062180406,3,0,0,1848,1,1,0.43426214717539385,3,0
462,28.729210565006593,77.40537303742235,4,0,0,3817,0,3,0.5276186994531495,1,0
463,28.704371345626182,77.48982790800487,14,2,0,4174,9,4,0.8589657384760314,3,1
464,28.699353858987678,77.33338356207088,1,0,0,2544,0,2,0.4086999131810517,4,0
465,28.678453458305647,77.44856848962726,2,0,0,937,9,1,0.7450907320898288,2,0
466,28.609174796556577,77.3964452575067,6,1,0,2281,7,1,0.6187741971058284,2,1
467,28.709845377761063,77.48959442611466,11,1,0,1189,4,1,0.7026829703703281,3,1
468,28.707277821688212,77.40598473175733,0,0,0,4515,7,4,0.6485319220972064,2,0
469,28.70430593109067,77.46839551138144,2,0,0,3408,4,2,0.34822089653063204,2,0
470,28.657299932073773,77.3389011075461,1,0,1,636,9,3,0.5816825434348015,1,0
471,28.64774069608048,77.32383760459385,2,0,0,2353,0,3,0.5686406020456329,4,0
472,28.690616928856787,77.41400713817693,2,0,0,1890,8,4,0.7947369244296907,2,0
473,28.667347140732883,77.44540936037632,7,1,0,3795,6,4,0.4807905034199273,0,1
474,28.693255326448305,77.48372690460118,1,0,0,3140,5,1,0.765191054119007,1,0
475,28.731803155011388,77.34978990772397,2,0,0,1321,7,3,0.406913787039992,4,0
476,28.74622166754231,77.37354268491926,1,0,0,1878,5,4,0.8587375864862254,3,0
477,28.7309639655908,77.30702866350305,3,0,0,1308,5,2,0.8238885948461137,2,0
478,28.66573780863096,77.45038875819586,2,0,0,1087,3,4,0.6311685698027472,4,0
479,28.62869300530719,77.31843255434786,12,2,0,2377,0,4,0.3550493848180071,2,1
480,28.636323861959813,77.41696384840827,0,0,0,4662,4,3,0.908725813824337,0,0
481,28.741135566448968,77.39792778718045,1,0,0,4982,3,3,0.9554484633883988,2,0
482,28.700204035125207,77.34361951885202,0,0,0,852,3,0,0.9032939454460396,0,0
483,28.726660266120497,77.4849419309766,1,0,0,503,5,0,0.6501872230256576,0,0
484,28.74802978607698,77.36036383109206,0,0,0,2846,4,4,0.3725482622832055,2,0
485,28.640622331765726,77.41329665000961,6,2,0,733,6,1,0.5532868793633929,4,1
486,28.745179606535405,77.34668901823989,8,2,0,3709,8,3,0.9480100763341508,1,1
487,28.630947820319843,77.34318564681098,1,0,0,1401,3,1,0.69473043587961,0,0
488,28.631334431173855,77.46163446869552,2,2,0,1765,1,1,0.76702487268912,2,0
489,28.644882493766918,77.39019917163786,1,0,0,4203,4,2,0.7987770243296288,4,0
490,28.62358281708478,77.31269854858286,2,0,0,3302,4,3,0.884649112587159,2,0
491,28.64479990761125,77.31893238191552,0,0,0,2277,3,0,0.7905614905676079,4,0
492,28.647506215777266,77.45819965026806,3,0,0,864,9,1,0.9687290731987697,4,0
493,28.739826225018145,77.37513866337103,3,0,0,1262,8,4,0.7358455716192187,1,0
494,28.723200090314837,77.37700078313854,1,0,0,1516,7,3,0.31065761838638556,4,0
495,28.713444339418167,77.4736369694154,2,0,1,1221,7,0,0.970277488424728,0,0
496,28.73547814349953,77.39692340990916,3,0,0,524,6,4,0.4038481503119362,1,0
497,28.66650324478102,77.39616576267952,0,0,0,4465,3,0,0.6332631963213187,4,0
498,28.74911010688112,77.43611355338349,3,0,0,713,4,1,0.48019937616515085,0,0
499,28.724703022873893,77.32532263487303,1,0,0,3959,7,4,0.20895603606935645,1,0
500,28.749908442229227,77.43773924982453,3,0,0,4263,9,0,0.8445834665039953,0,0
501,28.666281975299526,77.39487243962198,2,0,0,2278,6,3,0.27379766460224797,2,0
502,28.636699148837085,77.3319241083262,1,0,0,3259,0,3,0.7080439145761934,4,0
503,28.74786136355957,77.49631612382314,5,0,0,2324,8,2,0.5420187203358303,3,1
504,28.67907758329702,77.37505864548828,3,0,0,2500,8,2,0.40590864649983516,0,0
505,28.696351029530614,77.45710769261929,3,0,0,664,9,0,0.39271876837856,3,0
506,28.66754580307369,77.42753539796348,0,0,0,563,6,4,0.73020134836484,3,0
507,28.722636660945742,77.46971885015577,1,0,0,2259,8,4,0.8473139815674433,0,0
508,28.647672754802468,77.44235059221718,16,2,0,4290,5,1,0.2773402615036911,1,1
509,28.638204860527374,77.45925392685483,0,0,0,3385,8,4,0.5357881950522221,3,0
510,28.61788865748958,77.31467528452295,1,0,0,1317,9,3,0.9203254512650278,2,0
511,28.647921259738794,77.416077424529,1,0,0,1133,3,0,0.817093816408063,0,0
512,28.667063653041676,77.34526557403063,0,0,0,951,9,2,0.2735643607912178,1,0
513,28.623149997558148,77.31541163508659,5,0,0,3468,7,0,0.6479046496497802,0,1
514,28.68795648515928,77.45020713496126,12,2,0,2896,7,2,0.5193287113283316,0,1
515,28.74211121690791,77.4781678151293,2,0,0,4194,0,4,0.714543503001605,3,0
516,28.652813190548382,77.40207129942563,3,0,0,1374,4,1,0.47504526623813015,1,0
517,28.61312159527961,77.4932064327766,0,0,0,1719,9,4,0.783608435241218,3,0
518,28.737775163797547,77.41261402583584,5,1,0,2201,4,3,0.9295345416865683,4,1
519,28.680323543975362,77.3277885203784,9,1,0,1770,3,0,0.7775620711181881,2,1
520,28.664273006413232,77.31211650677648,2,0,0,1273,4,3,0.850293663434758,0,0
521,28.63950549134941,77.35498654768925,3,0,0,1922,8,4,0.9967200859940302,2,0
522,28.73197573960038,77.44315853652806,1,0,0,1145,1,3,0.9697978448220697,0,0
523,28.720055524169815,77.41062698921496,1,0,0,1838,8,2,0.47425189256511296,4,0
524,28.624683541301696,77.43958819333034,1,0,0,4701,0,2,0.9298042716822525,3,0
525,28.61234818786677,77.44804605217055,1,0,0,4131,6,1,0.6336938204067952,0,0
526,28.62933001895149,77.37915831629175,1,0,0,3259,9,3,0.6681147736745543,0,0
527,28.707960550057734,77.3935471225892,1,0,0,4381,4,0,0.8792401167003738,4,0
528,28.74155044227616,77.48927158156054,1,0,0,3533,5,4,0.7164919680004913,1,0
529,28.66293624923634,77.46531492413757,1,0,0,1597,5,3,0.8856758257126272,3,0
530,28.668444890361314,77.40714731788434,1,0,0,1649,0,1,0.9218272680756847,1,0
531,28.69373656915134,77.49157475981525,2,0,0,891,3,0,0.294959004286717,0,0
532,28.674749768559494,77.31038324221325,14,2,0,2336,7,4,0.40328893904156016,1,1
533,28.684473138506082,77.36598385732252,0,0,0,4138,7,1,0.32595890259936977,4,0
534,28.63927197706786,77.48728749443606,10,2,0,667,7,2,0.3108979704809556,0,1
535,28.620499704924374,77.35783204264835,4,0,0,4149,7,2,0.8653992333252027,0,0
536,28.643158383584154,77.36276734018595,1,0,0,690,8,3,0.5366049426408181,2,0
537,28.629337856430748,77.46890540377578,2,0,0,1764,5,1,0.5826941133650109,4,0
538,28.72645391333324,77.39831989233556,2,0,0,3684,9,1,0.5262135086493649,4,0
539,28.741508321217076,77.46223260927535,1,0,0,4830,2,0,0.5818105031175863,0,0
540,28.723684500231283,77.44906437673403,1,0,0,2932,9,2,0.6336148029756188,0,0
541,28.604996530083707,77.48558161442124,2,0,0,4249,4,2,0.8338976735921597,0,0
542,28.671458544736197,77.43015725462871,0,0,0,2625,6,1,0.45629619739054345,4,0
543,28.69229470504134,77.39860897148358,1,0,0,3139,5,1,0.7858903799514212,0,0
544,28.689779891965056,77.47557471292752,2,0,0,4276,4,0,0.5769466607562199,1,0
545,28.71840751808098,77.33677812817965,3,0,0,2588,3,4,0.5840750007878426,1,0
546,28.611497295874603,77.37550166001957,11,2,0,2254,1,3,0.3574334622072969,2,1
547,28.63553522499624,77.33359482049454,0,0,0,1229,9,3,0.35791257467743604,3,0
548,28.715942712082352,77.48727335413516,2,0,0,3427,1,2,0.7254480737530866,0,0
549,28.6852123371593,77.42621223409463,0,0,0,2092,4,1,0.6664921033666027,4,0
550,28.71473297596819,77.31548372065409,2,0,0,3873,4,0,0.28300404026538817,0,0
551,28.61886046962836,77.4815193620125,1,0,0,4136,9,4,0.8046714946452604,1,0
552,28.74974099815305,77.39909020990017,0,0,0,4419,1,0,0.9483648820792134,1,0
553,28.721986850407095,77.41444306542539,2,0,0,1391,0,2,0.9106613959591692,3,0
554,28.666265202320545,77.35254382533998,3,0,0,4889,9,3,0.544926182413966,0,0
555,28.604337145996304,77.4024688582009,6,0,0,1295,5,1,0.22544114066051915,2,1
556,28.67263739485342,77.40373248690388,1,0,0,3086,8,1,0.28029248022537945,1,0
557,28.696531690017895,77.31190206125275,1,0,0,1636,4,4,0.8968903314981544,0,0
558,28.65473705819633,77.48772528557555,10,2,0,2267,8,0,0.4041467537432542,3,1
559,28.738641330528132,77.30227477440286,2,0,0,2729,7,4,0.6248453813425835,4,0
560,28.68127178361524,77.41909657042004,1,0,0,2150,2,4,0.8990526646916592,2,0
561,28.64490912966812,77.49428776979737,2,0,0,2916,4,0,0.4805368108898586,2,0
562,28.666686523663568,77.49740390747327,2,0,0,4346,1,1,0.37520716105255386,0,0
563,28.726982528007355,77.47798168388857,0,0,0,3686,9,0,0.8150935398448536,2,0
564,28.63381111614141,77.47030134734605,12,1,0,2471,0,0,0.26851660173369024,2,1
565,28.64957764172452,77.36552693755472,3,0,0,753,8,3,0.8228159346787727,2,0
566,28.710214951206787,77.30432215337527,0,0,0,2423,0,3,0.7469423883296848,1,0
567,28.660061488050662,77.47988834920278,3,0,0,2800,5,4,0.8439679919043634,1,0
568,28.665209445569385,77.49659653085735,2,0,0,1707,4,3,0.8288194333748411,2,0
569,28.61690138419422,77.38291894752822,0,1,0,4446,0,1,0.30140916137683016,2,0
570,28.67616949039602,77.45538968065271,3,0,0,2057,0,0,0.38017477147187356,0,0
571,28.600123728482817,77.46213237863007,12,1,0,3572,0,2,0.37122519136864734,2,1
572,28.634488004382867,77.40463064194324,2,0,0,2946,7,2,0.7535218518410998,3,0
573,28.722288964781878,77.31566827517118,2,0,0,4276,9,0,0.9766628023379655,1,0
574,28.635534274588103,77.43100086649193,10,1,0,1676,8,2,0.2000213331508241,0,1
575,28.732276178033235,77.47194997636505,5,0,0,4169,3,4,0.85804200373395,1,1
576,28.613561876343077,77.31203461741134,3,0,0,2677,9,3,0.3776427996429367,4,0
577,28.671458671465235,77.45699138502621,1,0,0,2333,2,0,0.27764660913181977,1,0
578,28.7053575063264,77.46724288662912,1,0,0,3774,6,4,0.3981315552785608,4,0
579,28.688119424028432,77.45072270168502,3,0,0,2819,0,0,0.7164668629712019,1,0
580,28.68522168230999,77.39185189248697,11,2,0,4311,7,4,0.8418454992514821,0,1
581,28.63712861648196,77.40649931621411,0,0,0,4285,4,4,0.5515924034283961,2,0
582,28.66929812639766,77.44789171120485,1,1,0,3866,5,3,0.9606882551381133,1,0
583,28.685932622000347,77.43450608414935,12,2,0,1396,0,3,0.8331378023471365,4,1
584,28.66568284947316,77.39611962639445,0,0,0,1216,2,2,0.29225738532220885,2,0
585,28.740017494946848,77.47432972582364,0,0,0,4414,4,4,0.557394830308173,1,0
586,28.733266853302524,77.49240686158888,3,0,0,2204,9,0,0.29649954872709605,3,0
587,28.738960003403935,77.49143880705695,9,2,0,4157,5,0,0.49235833288955577,1,1
588,28.646235222080875,77.3833232335013,1,0,0,2283,6,4,0.8003341102242378,2,0
589,28.679629208123238,77.44951434592453,1,2,0,3593,0,2,0.479240806335401,0,0
590,28.603995170110302,77.40325176506101,2,0,1,4769,3,0,0.26813217734212763,1,0
591,28.64132518790756,77.32105421872186,0,0,0,4404,6,2,0.7302537621172707,4,0
592,28.621098019658557,77.38100457227215,12,1,0,749,2,4,0.9626072213355594,3,1
593,28.67024325538072,77.32162466023047,13,2,0,1688,4,4,0.8845478304622045,2,1
594,28.681747969541373,77.47384963161188,0,0,0,3786,9,0,0.7540138338711293,2,0
595,28.653511846187453,77.41440460441896,3,0,0,3647,5,0,0.8274183648782387,2,0
596,28.688287389485925,77.33363629249193,3,0,0,4342,0,3,0.37331163320200117,4,0
597,28.646133863807506,77.36585420984599,0,0,0,2753,2,4,0.36305235949001285,1,0
598,28.694179494943704,77.44620474107401,1,0,0,1034,0,3,0.2082213717881686,2,0
599,28.70667587306163,77.40898382442603,0,0,0,853,0,0,0.9306408397638068,3,0
600,28.662315731078607,77.42323632213902,4,0,0,1125,0,3,0.7797702858623079,1,0
601,28.71171641516803,77.36246069133435,1,0,0,3597,1,1,0.41938810963938605,2,0
602,28.694322959162346,77.42394561306061,7,2,0,1734,6,3,0.3982822996798119,0,1
603,28.624586971685645,77.32609280732346,2,0,0,4947,4,3,0.5868882431326299,1,0
604,28.63322856080749,77.34768606330066,1,2,0,4477,9,1,0.9609517504736367,1,0
605,28.660267603610425,77.44444523019851,3,0,0,2241,1,2,0.40561138457881196,3,0
606,28.63032766224703,77.34518167630542,1,0,0,3110,7,0,0.9000717250973802,3,0
607,28.696233800741172,77.30886522163132,1,2,0,884,9,4,0.8559272566180398,4,0
608,28.71417115284687,77.4852838682562,0,0,0,2981,5,0,0.41084327818050226,0,0
609,28.665653782251844,77.35648340827176,1,0,0,1405,4,1,0.7626114373697017,3,0
610,28.733098056942108,77.32324745601663,2,0,0,2406,9,0,0.7036220064279046,3,0
611,28.729497005782072,77.4736712292135,2,0,0,2884,7,4,0.31159557347284084,2,0
612,28.659921299314743,77.48204720408302,3,0,0,3215,2,4,0.5646925158772673,3,0
613,28.706238266062833,77.35315427292932,2,0,0,4792,2,4,0.520750242451294,0,0
614,28.71117057319156,77.41591363886887,2,0,0,4815,9,3,0.9516022698063635,2,0
615,28.669046584230546,77.39836772673969,1,0,0,4801,6,2,0.4134632203352713,2,0
616,28.740583855876153,77.49037592825181,1,0,0,3928,8,0,0.9979619207876758,3,0
617,28.724315921601104,77.4213926197177,9,2,0,2163,4,2,0.5750075695869459,2,1
618,28.678400071404102,77.32467385417947,2,0,0,4310,6,0,0.30873670176635964,3,0
619,28.64200642968118,77.47353904369305,1,0,0,757,5,2,0.9408880024458659,1,0
620,28.647155549584685,77.37416652144208,1,0,0,3191,2,1,0.2853778122464564,4,0
621,28.716642017692752,77.36786628347203,3,0,0,3815,3,2,0.3965159365419596,2,0
622,28.658593158450383,77.34418970634108,2,0,0,1453,4,1,0.9657459822670345,2,0
623,28.666723863746288,77.36775076412563,1,0,0,1691,6,2,0.9337014009209463,1,0
624,28.68769916763547,77.36231415222565,1,0,0,2008,5,0,0.8151507429071658,2,0
625,28.657304869996075,77.41209079303327,2,0,1,4021,5,2,0.7930512589456413,0,0
626,28.699641379380335,77.43754466551896,3,0,0,2353,1,2,0.48197971697340103,2,0
627,28.702555695655345,77.4405674438879,5,0,0,4155,9,4,0.8785564406747883,4,1
628,28.696254733533824,77.30543128642249,5,2,0,1588,5,1,0.5626283793487994,3,1
629,28.74628322040175,77.44295770857747,0,0,0,2567,9,2,0.7871336148861856,0,0
630,28.603191815923875,77.38735820022475,0,0,0,3749,5,0,0.3084682816020836,2,0
631,28.602979785838777,77.4793352794152,1,0,0,542,9,1,0.3125497784274088,3,0
632,28.6045293925439,77.48496443494656,1,0,0,4736,4,1,0.39180632165142387,4,0
633,28.738298434155627,77.48207180371116,1,0,0,1065,9,4,0.6453560138397523,1,0
634,28.72553028901742,77.45278427828559,2,0,0,4479,4,1,0.2131271978622925,1,0
635,28.695344181720504,77.4657255016735,0,0,0,1538,4,4,0.8747766165922428,0,0
636,28.715271423337093,77.44094842181346,2,0,0,2438,1,3,0.47388196976916924,4,0
637,28.625258248161852,77.49030918146278,14,1,0,3183,3,4,0.8374291026724643,1,1
638,28.6556717630386,77.32915583261078,1,0,0,1876,5,1,0.6157561800233787,0,0
639,28.69312904529309,77.38686988977561,0,0,0,3809,0,3,0.49073435338754,2,0
640,28.66927429355413,77.49001449983481,0,0,0,3533,2,0,0.997890610081849,0,0
641,28.71983292161362,77.40659358225388,1,0,1,1538,3,4,0.577642445386336,1,0
642,28.61573004666825,77.38831801590534,1,0,0,925,2,2,0.8451894842241945,4,0
643,28.69516632481194,77.42742833548326,1,0,0,903,9,2,0.7985343371479854,0,0
644,28.746609761958624,77.30671245175247,15,2,0,1286,3,4,0.7610486015740745,4,1
645,28.635813313504176,77.43843855146636,9,2,0,865,9,2,0.47668835566136974,4,1
646,28.633590178304402,77.39755187270026,2,0,0,1919,0,3,0.2597723922911027,2,0
647,28.707585881139703,77.3802038055639,0,0,0,822,9,3,0.20575612118835318,2,0
648,28.720343726750887,77.40016959001454,7,1,0,4446,3,0,0.251948634681954,2,1
649,28.72251326483147,77.47590626906295,1,0,0,2830,4,4,0.20959671694783424,3,0
650,28.632480302331675,77.37186623454518,5,0,0,2121,9,0,0.7238103155284195,1,1
651,28.66662639955498,77.48888770614172,1,0,0,3490,1,0,0.8853649402140624,3,0
652,28.629178659097818,77.48477181457089,1,0,0,768,7,3,0.21992532754559832,0,0
653,28.689963401788557,77.34276295493329,0,0,0,3825,1,2,0.6401296981626141,4,0
654,28.64811211346157,77.39618367224028,0,0,0,3555,3,3,0.7694115787330811,2,0
655,28.735586857538227,77.30441827368007,2,0,0,532,0,4,0.7984865141850255,0,0
656,28.649624309934023,77.33126091539364,13,1,0,2864,6,0,0.4944631513049875,0,1
657,28.698446001006264,77.49403551609264,1,0,0,671,5,4,0.7242768969122568,4,0
658,28.71593475855705,77.39213928100342,2,0,0,1730,6,3,0.7422271688372257,0,0
659,28.622005677628934,77.35076370968187,0,0,0,3632,2,1,0.7269925524497198,3,0
660,28.737961379647942,77.48936592406466,1,0,0,4408,4,2,0.7198179865805101,3,0
661,28.640771933155946,77.33492174236635,2,0,0,544,6,4,0.4106718319234478,3,0
662,28.63324678871091,77.37520288660683,2,0,0,1623,6,4,0.9837308460908198,3,0
663,28.646345428376698,77.34403244930292,0,0,0,3613,6,0,0.4343743892592129,0,0
664,28.746977433519778,77.47127932324545,3,0,0,2523,9,3,0.9389809022472901,3,0
665,28.63045594503194,77.42721939715886,3,0,0,3702,8,4,0.8580877413819608,4,0
666,28.683938334950927,77.33693764669623,13,1,0,980,2,2,0.6260164783458269,2,1
667,28.67421426532314,77.44342659154975,1,0,0,1527,7,0,0.3692728433232,4,0
668,28.640655370694883,77.31113698052619,5,0,0,916,5,0,0.5719403641778262,3,1
669,28.74883082219546,77.49179066204302,9,1,0,679,2,3,0.6364610722593138,0,1
670,28.606938373764212,77.35051700341027,3,0,0,1677,4,2,0.4014347013033174,0,0
671,28.702079040088833,77.40485232094413,16,1,0,2208,8,2,0.4825328127540458,4,1
672,28.688029769955765,77.39494975300008,10,1,0,1429,2,3,0.27769209250204974,1,1
673,28.660391240590357,77.3145601924487,5,0,0,1055,9,1,0.45301468740932277,2,1
674,28.687645969632438,77.41759763401652,0,0,0,2696,1,0,0.2656108702796061,2,0
675,28.700447553945878,77.4847678255269,1,0,0,4105,9,0,0.4896153377227361,2,0
676,28.613855581211237,77.3994172923969,0,0,0,1708,0,2,0.5353982992319952,4,0
677,28.650432313037108,77.44833096402108,0,0,0,3368,8,3,0.7699232796005044,1,0
678,28.618595303459323,77.37504513746377,0,0,0,873,9,2,0.7190573490747101,0,0
679,28.74466923062474,77.37204959960941,1,2,0,917,9,4,0.3163162251981585,1,0
680,28.699487107879982,77.43451803957306,1,0,0,3812,0,1,0.5372632115968683,1,0
681,28.650142853412415,77.34857660351516,1,0,0,4766,3,0,0.7779120625704854,4,0
682,28.700372662465917,77.47358295858454,1,2,1,2315,5,0,0.3354475181966261,1,0
683,28.688772609720225,77.43537061476515,3,0,0,4064,0,4,0.21500953774689027,1,0
684,28.694106622857188,77.36255685064283,2,0,1,2431,1,3,0.4584047330995084,0,0
685,28.696430975300867,77.4111274562063,0,0,0,2516,8,4,0.38403855020961947,3,0
686,28.74830223322274,77.44385937482235,3,0,0,4755,5,1,0.754620934406397,1,0
687,28.62328863856534,77.35119105184717,1,0,1,3735,2,1,0.5304309928821616,2,0
688,28.685393655197892,77.32415215138178,3,0,0,1671,5,4,0.6408126035243824,3,0
689,28.734348364748126,77.48705017192923,2,0,0,2050,1,3,0.5492852768455871,4,0
690,28.715512945654844,77.40883473161284,2,0,0,1754,6,2,0.969278904616939,2,0
691,28.60157315012355,77.37552054143427,2,0,0,1476,5,2,0.7819773971161346,4,0
692,28.667870929470585,77.46347071223046,15,1,0,3328,4,1,0.9166285674929635,3,1
693,28.725047167874248,77.37130636806776,1,0,0,3423,9,4,0.6556777626537862,2,0
694,28.64289475992983,77.46082792223794,8,2,0,1884,1,3,0.7767272325757257,0,1
695,28.66032814126606,77.3173511624753,2,0,0,669,5,1,0.576995221759965,2,0
696,28.644263303916627,77.39612022614774,1,0,0,663,8,4,0.4351987841054057,3,0
697,28.74992169582523,77.45434785427601,0,0,0,3140,3,2,0.5576581532829588,1,0
698,28.68205586578048,77.4228535479636,7,2,0,3932,2,0,0.288457049294847,2,1
699,28.601267073571993,77.39089371965652,0,0,0,1367,4,0,0.3937488668709695,1,0
700,28.688779895688082,77.36891284980638,2,0,0,2676,8,4,0.6838754047999258,3,0
701,28.65125841247264,77.45791685881576,1,1,0,4006,3,0,0.33947252338774525,0,0
702,28.71913034819699,77.34973711567093,9,1,0,4804,4,0,0.751460631697425,1,1
703,28.667814325580157,77.41241541714194,0,0,0,3761,6,0,0.7217402850406114,4,0
704,28.630797623203982,77.45381722534789,1,0,0,2537,1,0,0.3915726455546373,2,0
705,28.609968892553383,77.48681554377161,1,0,0,979,4,2,0.6343882793909066,0,0
706,28.62344948333634,77.46719621124569,2,0,0,739,3,2,0.817345151175729,1,0
707,28.61857565544379,77.34938784124554,8,2,0,3677,8,2,0.9316159757978613,0,1
708,28.607154304995568,77.31758593000252,0,0,0,2197,0,4,0.29312357962779373,1,0
709,28.615628087949663,77.35854708471798,3,0,0,719,3,3,0.6676126389304142,3,0
710,28.605269558036163,77.48796995023767,0,0,0,1056,4,3,0.6188008218493595,1,0
711,28.70787438918493,77.4433287018168,0,0,0,4429,4,2,0.34001019177608277,0,0
712,28.662559119845657,77.4084974401772,1,0,0,3150,7,4,0.5338744253033121,0,0
713,28.733831859205683,77.34327112230545,4,2,0,3450,4,1,0.3577567919869511,1,0
714,28.650594579137362,77.38314716744323,4,0,0,4046,7,4,0.469448405960618,0,0
715,28.683585508187317,77.35457165883706,1,0,0,3651,2,3,0.4080097555109758,3,0
716,28.703226873703414,77.49674526459093,5,0,0,1805,8,1,0.641867840907937,3,1
717,28.744247463175842,77.37268572112559,3,0,0,3143,9,0,0.620329822399764,2,0
718,28.70820187023325,77.39352289869032,11,2,0,3091,9,0,0.23759076831448755,4,1
719,28.729695932689268,77.47521009543883,0,0,0,907,2,1,0.8249952643941703,0,0
720,28.712180723321,77.47100770483291,3,0,0,4720,7,0,0.6828097588154363,3,0
721,28.71731565759481,77.41006528874048,1,0,0,4710,2,4,0.666262491501235,3,0
722,28.64220986375436,77.37130983623305,1,1,0,3110,0,2,0.7379809529393466,3,0
723,28.61343638644008,77.47000591417745,15,1,0,3589,6,0,0.9952676253272392,0,1
724,28.668096062073452,77.34020484982382,0,0,0,4971,5,4,0.6894827785575315,2,0
725,28.74108042291929,77.49991822541233,1,0,0,4038,0,1,0.6762228401314047,1,0
726,28.665440960923053,77.44053612158739,11,2,0,2266,6,2,0.27377872599437575,4,1
727,28.73873764200442,77.35259369260727,1,0,0,2222,1,0,0.6601985368122267,4,0
728,28.70710642217606,77.39632462537502,0,0,0,2063,6,1,0.43209329277093317,2,0
729,28.610758045667076,77.32935199650927,2,0,1,3026,6,1,0.4912779488665773,1,0
730,28.7147439911828,77.47166824899695,1,0,0,2763,6,3,0.6749704771648408,3,0
731,28.660972521845128,77.31631664361748,0,0,0,4071,8,0,0.4741956977161628,2,0
732,28.67036078534701,77.48324910347486,6,0,0,1982,5,2,0.32941331832643794,4,1
733,28.62697419030053,77.39142771036802,1,0,0,2471,4,3,0.2906285097753095,1,0
734,28.60897526048912,77.34880333108124,3,2,0,854,8,3,0.40098050152260356,3,0
735,28.712095947921203,77.47375355281349,12,1,0,4360,9,2,0.407325251776967,4,1
736,28.60834722610206,77.38387491744798,2,0,0,728,9,3,0.38736095913947444,0,0
737,28.702121922081783,77.34579607305147,8,2,0,4577,1,2,0.5551636163480087,3,1
738,28.714906069494564,77.49673376638151,1,0,0,3591,3,0,0.6545522346317664,1,0
739,28.732518340731477,77.41936139708906,0,0,0,4916,5,1,0.30140347019895564,2,0
740,28.741609105096945,77.42194976012078,2,0,0,2705,4,4,0.7546470869852446,0,0
741,28.68407496321078,77.48724509485925,9,1,0,836,5,2,0.2909550147071438,0,1
742,28.626707409776085,77.47350691154011,1,0,0,4514,4,4,0.4751023849935779,4,0
743,28.723599665333737,77.33230802203538,2,2,0,4397,3,3,0.7569385090810963,0,0
744,28.724758539553207,77.46197482527906,1,0,0,4192,5,0,0.8941376554408376,2,0
745,28.66884532834968,77.49110197270346,3,0,0,2104,0,4,0.41315857017095453,3,0
746,28.669745511185752,77.309048709161,1,0,0,2669,7,2,0.9886389609859181,0,0
747,28.73829917563284,77.39821545835916,4,0,0,1431,2,1,0.3778476745677873,3,0
748,28.697306322689823,77.49222412411908,1,0,0,1571,6,3,0.5273701748631776,3,0
749,28.71048384687372,77.32339608218481,0,0,0,1320,8,3,0.3385691684703754,1,0
750,28.67474338398067,77.34046384584656,3,0,0,4028,3,0,0.6102455136853875,4,0
751,28.606611289680316,77.30513855093676,3,0,0,3685,7,4,0.6999619674995545,0,0
752,28.694467799988043,77.394052841148,13,2,0,2159,3,1,0.9602196906333016,0,1
753,28.62986740027921,77.4843208052283,1,0,0,4755,6,0,0.6126956228086976,3,0
754,28.64288873044296,77.4545698222146,2,0,0,4502,9,0,0.2464717751574259,1,0
755,28.72409545353908,77.42074903234315,2,0,0,2443,6,1,0.3763640621264126,2,0
756,28.62245024954447,77.47325503763984,0,0,0,3161,5,0,0.7889331540598137,3,0
757,28.664259687967423,77.48978514734888,2,0,0,3012,8,4,0.5293141132524677,1,0
758,28.659964558999462,77.43124729634725,0,0,0,2824,2,0,0.9063623838846269,4,0
759,28.617685734857712,77.3567154737623,1,2,0,764,1,4,0.3549341973755782,0,0
760,28.617286627167918,77.36654814864981,0,0,0,1481,1,1,0.5117539553642834,2,0
761,28.60731161512153,77.47301953366578,9,2,0,1524,2,3,0.5360881512033472,4,1
762,28.613540361215968,77.44052588975678,0,0,0,900,1,1,0.7908108772393951,3,0
763,28.618816432194084,77.3520833491713,5,0,0,2934,4,2,0.6907739118393148,3,1
764,28.693646961551895,77.36642910351216,3,0,0,3774,9,3,0.5614367571082082,2,0
765,28.661613550263393,77.31258443381327,2,0,0,703,9,2,0.2044038516915192,3,0
766,28.72434849832893,77.35233322108604,8,1,0,4053,2,2,0.7081152293949193,3,1
767,28.62149896968183,77.30179742981667,2,0,0,1342,1,4,0.2688768939420471,0,0
768,28.65718066558836,77.32040156594928,1,0,0,4739,6,2,0.6020374503033815,2,0
769,28.727955360189622,77.43482594725478,0,0,0,1364,0,4,0.6146451962749602,1,0
770,28.610227014893532,77.37893060958554,1,0,0,3031,1,2,0.2822309457576422,4,0
771,28.713786743354483,77.42609264434037,5,0,0,2708,0,2,0.21766668081770543,4,1
772,28.730894454992207,77.34988447139101,0,0,0,2795,8,4,0.2855496155522599,1,0
773,28.630217176298324,77.472608915766,0,0,0,4395,4,1,0.6287879539968262,1,0
774,28.636264821988178,77.30579260525123,1,0,0,2472,8,3,0.5251520743818661,0,0
775,28.72384560454881,77.45643001263755,0,0,0,2293,0,2,0.7051255235027929,0,0
776,28.714644631402415,77.37366223709452,1,0,0,3946,4,4,0.21037715967558804,4,0
777,28.651602397514818,77.43251573957423,0,0,0,614,6,3,0.6525571070143421,0,0
778,28.644113974086956,77.47686885589756,0,0,0,2295,7,0,0.5041171324726028,1,0
779,28.692762474183432,77.37224935416084,3,0,0,747,7,0,0.2709774714206978,2,0
780,28.639217110565518,77.41156088994032,3,0,0,1947,2,3,0.3302123251983189,0,0
781,28.67710503675412,77.35209475404227,4,0,0,2631,5,3,0.6858640856671899,2,0
782,28.723676133746526,77.30010667825276,2,0,0,4446,4,3,0.2547091070197503,1,0
783,28.617219011677182,77.36524937703511,1,0,0,1685,7,1,0.9750493791091857,4,0
784,28.72727501909466,77.3537548196691,0,2,0,2984,2,3,0.6928431438572509,1,0
785,28.638738362999973,77.4381609740413,13,2,0,2749,6,0,0.5427812559386826,3,1
786,28.72628964773067,77.39604690151809,3,0,0,3448,9,0,0.36716639450052474,4,0
787,28.681127470491568,77.48532295654181,0,0,0,1877,2,0,0.785371642363315,3,0
788,28.622453095485202,77.37596195032187,3,0,0,4029,1,3,0.5190930704335841,1,0
789,28.65279399921374,77.36532956031269,2,0,0,1339,6,0,0.8297614001583726,1,0
790,28.602820089239653,77.42180481444659,1,0,0,3113,2,3,0.2690207541823433,4,0
791,28.710837471474704,77.45189229371658,1,0,0,700,4,4,0.38580712672683415,4,0
792,28.746040115796184,77.41044836639321,2,0,0,3445,9,2,0.29832991119597047,1,0
793,28.732920646063544,77.37878394443378,2,0,0,3830,7,0,0.29724544632507083,0,0
794,28.612617466164583,77.43904145658139,11,3,0,1605,6,0,0.4061475954942504,1,1
795,28.708404105176147,77.38649128727482,3,0,0,3840,7,1,0.7138954829012096,2,0
796,28.69703035318526,77.3914178216829,2,0,0,4494,6,0,0.9641035856365245,4,0
797,28.698118829661738,77.40563229796194,2,0,0,529,1,1,0.2655093710303209,4,0
798,28.73914426664988,77.4067581056346,2,0,0,3840,9,4,0.6313149969483927,3,0
799,28.680765151295212,77.3617595289957,1,0,0,1553,7,4,0.6356191204624382,1,0
800,28.68188532187888,77.48464456453908,2,0,0,1682,7,2,0.8884424275247862,2,0
801,28.66577618082399,77.37657928887073,1,0,0,3089,5,4,0.9063375012155732,2,0
802,28.604652823745,77.49872149317964,0,0,0,2990,8,2,0.9281174948988575,2,0
803,28.748456332298904,77.35755424291303,1,0,0,2504,8,1,0.6740441960190524,0,0
804,28.692986541211955,77.42032549857124,16,2,0,3891,2,2,0.4536312135435263,3,1
805,28.666456485170553,77.34668269016906,15,2,0,2357,3,0,0.38193709435931034,1,1
806,28.741716759779276,77.3299574134492,1,0,0,1569,8,2,0.6291603309249285,1,0
807,28.61705053208885,77.33750270361378,3,0,0,4037,7,3,0.3182956372428092,0,0
808,28.60034333762696,77.36567294287593,1,0,0,3653,3,0,0.4235374122698541,3,0
809,28.646038163141224,77.41026944418725,2,0,0,637,4,1,0.6620516414659978,1,0
810,28.615590995030043,77.31560120007042,1,0,0,4451,6,2,0.8821514296402608,2,0
811,28.658272502793942,77.38379162132955,0,0,0,3766,1,4,0.6249241388817317,4,0
812,28.69751648543956,77.44815316812311,1,0,0,2316,7,4,0.4699882870481604,2,0
813,28.642425334602347,77.368929263866,1,0,0,3088,5,4,0.8662850911810027,0,0
814,28.61427968000082,77.45304683692983,6,2,0,954,0,2,0.9525478443598361,3,1
815,28.68295500769958,77.36813297601826,1,0,0,1290,0,3,0.9523127904457431,3,0
816,28.744837731413497,77.35748495144216,2,0,1,4843,5,1,0.8378566706312309,1,0
817,28.71866335277747,77.31219795868694,2,2,0,2908,6,0,0.24216894014622783,1,0
818,28.72620345032597,77.40984188321167,4,0,0,2001,1,4,0.7843345581913383,0,0
819,28.63135459651069,77.4099327401227,1,0,0,3700,9,3,0.3314027228819011,1,0
820,28.728697700676264,77.34452105540008,0,0,0,890,4,4,0.9931320691154508,3,0
821,28.64395816889394,77.37655347615653,2,0,0,3554,0,3,0.27249173912687863,0,0
822,28.637574965690398,77.3913616731337,1,0,0,766,9,1,0.8884437605873388,0,0
823,28.656801083710885,77.48038264813496,15,1,0,1427,0,1,0.2126691734825421,2,1
824,28.67245628422593,77.47979015460245,3,0,1,585,2,1,0.8073809858729564,3,0
825,28.62169578352776,77.45847657012412,2,0,0,2373,0,1,0.5297137021141902,2,0
826,28.73023585843428,77.42941401955387,1,0,0,2060,4,1,0.7755118339943592,1,0
827,28.654324031289498,77.33756531677746,2,1,0,4061,1,3,0.2618844784007257,2,0
828,28.679780160309605,77.3424187765351,2,0,0,4628,2,0,0.3293934354550328,4,0
829,28.70156566685017,77.38558558964294,1,0,0,4205,3,3,0.27123187596601056,1,0
830,28.615756260099374,77.46666994296123,4,0,0,1657,7,0,0.5338761050253833,1,0
831,28.601451905100067,77.42682953304467,0,0,0,1920,4,0,0.6375350846953889,1,0
832,28.715822481581576,77.43271092550135,1,0,0,705,4,1,0.5789363584399165,4,0
833,28.600424036974005,77.36120367713461,0,0,0,4928,0,3,0.7127618075678843,1,0
834,28.744989993938486,77.3680120599409,1,0,0,1429,1,3,0.500253872702861,3,0
835,28.743555073897937,77.33888253567832,0,0,0,3697,9,2,0.458293190486651,3,0
836,28.68770926337604,77.35348386670348,1,0,0,3308,3,2,0.5751935000132555,1,0
837,28.683327870905956,77.35909269026611,3,2,0,2254,6,4,0.8765415313978537,1,0
838,28.60689817459365,77.45119512182951,2,0,0,4213,9,2,0.3996251731630803,2,0
839,28.73071402551768,77.4131131572315,3,1,0,3721,7,3,0.3465629608096943,4,0
840,28.637640372330516,77.33514820262218,1,0,0,4436,2,2,0.3241638841497503,2,0
841,28.668296379124133,77.46588105849966,2,0,0,4980,2,4,0.7540630372288799,0,0
842,28.637977704556647,77.30584128383452,1,1,0,3934,5,1,0.43712925838323,3,0
843,28.601738446341212,77.411732596417,1,0,0,1086,3,3,0.7575481063384162,1,0
844,28.725270608603857,77.35535135057533,2,0,0,2560,0,0,0.2511857397566777,4,0
845,28.71160501499381,77.3297676510296,2,0,0,3533,0,2,0.25778567212516573,3,0
846,28.72284311962706,77.3584573923883,4,0,0,2226,3,4,0.6937725043797849,1,0
847,28.639965319192143,77.3524556085073,1,0,0,2186,9,0,0.8320968267229181,4,0
848,28.73864245933661,77.46413923524445,2,0,0,3978,5,3,0.3179966302478052,4,0
849,28.606284216088294,77.36587069444303,1,1,0,1493,1,4,0.9505516135377845,0,0
850,28.671213525865987,77.3326205703945,1,0,0,2181,8,2,0.3935527543084593,0,0
851,28.641680805407006,77.40866791554912,4,1,0,4630,7,2,0.43358372834621933,1,0
852,28.700314169381677,77.35440728504473,0,0,0,4837,1,3,0.8704019687302307,0,0
853,28.6733467852974,77.4765752709234,0,0,0,1640,3,0,0.4764021904177197,4,0
854,28.65534827643226,77.40314330486297,1,0,0,4789,4,0,0.8079885717861943,0,0
855,28.646720502688904,77.36427244840458,2,2,0,4361,8,4,0.5102902618669587,2,0
856,28.656437635630507,77.41903358810805,2,0,1,4324,9,4,0.47220434246703036,1,0
857,28.6708822712381,77.49974939535896,1,0,0,4428,8,1,0.8857151745234628,4,0
858,28.67301342415336,77.33255474185314,7,2,0,3141,7,4,0.3753602574271224,1,1
859,28.734019794836872,77.3348318169893,0,2,0,1117,3,0,0.6116647007078411,3,0
860,28.678679859487897,77.46823535513154,1,0,0,4778,1,2,0.6500497963751004,1,0
861,28.638004194414545,77.32956479910706,0,0,0,4285,3,4,0.7215808039922238,2,0
862,28.638069070013216,77.32762248506296,2,0,0,3327,6,4,0.5617163857697898,1,0
863,28.640832224174165,77.34492334706711,2,0,0,2774,1,0,0.47546210698887204,2,0
864,28.664276211033442,77.44746475486167,3,0,0,2455,2,1,0.4386575296430956,1,0
865,28.74383980804937,77.47835652218147,1,0,0,2658,0,4,0.8438461810487354,0,0
866,28.650002283939987,77.3498946000348,12,1,0,1209,0,3,0.5344870395206831,0,1
867,28.626255166207724,77.36657410145779,1,2,0,1761,4,0,0.8858117067535438,3,0
868,28.69844969578141,77.32178352842892,2,0,0,4973,1,3,0.3365422918575761,2,0
869,28.725608298700624,77.32331785023477,0,0,0,976,8,3,0.4260591329029983,4,0
870,28.641323829889714,77.37252177199619,2,0,0,4331,8,1,0.4928498882322896,0,0
871,28.729839410734257,77.32016598133912,2,0,0,512,5,4,0.4742053449739234,3,0
872,28.6347832583937,77.36381370216759,1,0,0,1528,5,1,0.6099792783968409,0,0
873,28.739054165152734,77.49858247065141,4,0,0,678,6,3,0.3991233865718369,2,0
874,28.721493487342773,77.34303501334368,0,0,0,693,4,2,0.5095721802075761,2,0
875,28.62893091525368,77.46116404024202,9,1,0,3161,6,4,0.8653320281029058,2,1
876,28.621201155515983,77.34763124926083,13,2,0,554,9,3,0.5915259718014712,1,1
877,28.676896228080793,77.34361998405882,3,2,0,3662,3,1,0.34009764366773654,0,0
878,28.657635721998638,77.49006411517132,1,0,0,2291,4,4,0.2922284932749586,3,0
879,28.675103224320107,77.4783018805723,1,0,0,4853,6,2,0.5730104398795226,4,0
880,28.6449125147775,77.33301077571583,1,0,0,1564,6,3,0.331255984438103,2,0
881,28.71156019837228,77.4347032911486,2,0,0,4629,5,2,0.8957559023733748,2,0
882,28.618609384090234,77.3192643604601,1,0,0,3922,6,1,0.3251572206841347,3,0
883,28.625021641482192,77.32326153583946,1,0,0,4982,7,0,0.4424194073204601,3,0
884,28.744884883048023,77.4916546851803,8,2,0,930,2,2,0.485107059269995,1,1
885,28.746563710519936,77.37600499192334,2,0,0,4244,0,4,0.5811538874952615,2,0
886,28.743527693850154,77.34009248060799,3,0,0,2564,6,1,0.32528542615340195,2,0
887,28.7054573448755,77.3021211818597,0,0,0,2843,5,3,0.8749414188507114,0,0
888,28.630497746931372,77.31593759592856,1,0,0,2452,8,3,0.7889018119011779,1,0
889,28.69407144426485,77.35479370839543,15,2,0,614,0,3,0.8766800055640214,4,1
890,28.668872078378886,77.45039687668576,3,0,0,3015,0,1,0.45073824198368784,0,0
891,28.680008164559318,77.31563130666736,0,0,0,621,4,2,0.8647509329421532,2,0
892,28.692599139204514,77.36042455477978,1,0,0,4617,8,3,0.5858778740210075,4,0
893,28.616888138684374,77.47342076142972,0,0,0,3952,0,2,0.4324816120148019,2,0
894,28.708089160955723,77.30128753949751,1,0,0,3026,5,3,0.41620250003729914,2,0
895,28.664966054665758,77.3620475868287,13,2,0,4454,9,3,0.9826369110334912,0,1
896,28.69638793641123,77.38660364478388,1,0,0,2986,1,3,0.9916062878982166,4,0
897,28.608294602602832,77.3457272776923,1,0,0,1535,5,4,0.9391578107813379,4,0
898,28.60153811026868,77.43672393295824,1,0,0,2821,6,3,0.6765996285128679,2,0
899,28.629333692745583,77.32902728892269,2,0,0,3915,3,2,0.6626739596450474,0,0
900,28.61782608526794,77.38152345985172,3,0,0,3543,7,2,0.37371427307717514,3,0
901,28.738363144808403,77.35910583814689,3,0,0,537,9,0,0.46415765046770546,4,0
902,28.74411000857696,77.42397601700725,1,0,0,2511,8,4,0.3202992324558691,4,0
903,28.64255682722438,77.3518291262439,5,0,0,3742,8,2,0.6978592290206431,3,1
904,28.651559120999586,77.44071396968823,3,0,0,754,7,3,0.7552158004176275,1,0
905,28.638388400788276,77.49899518400301,2,0,0,1849,3,1,0.8709086523596394,1,0
906,28.680426837912485,77.41394406355344,0,0,0,2159,4,4,0.9084360316648319,0,0
907,28.721953802905638,77.36696819471756,0,0,0,3529,7,3,0.8930691016378745,2,0
908,28.62325210772749,77.31626324541848,5,0,0,2258,1,4,0.6219530021660958,2,1
909,28.737671804679785,77.45647651032785,1,1,0,2050,3,4,0.7074538748443802,1,0
910,28.626961104364746,77.43082097758402,14,2,0,3022,8,0,0.42538200721362424,2,1
911,28.656438632786152,77.44146427720186,0,0,0,3394,6,1,0.3618352293958073,0,0
912,28.667132046727374,77.35294827418683,1,0,1,2850,3,2,0.5369439390608274,3,0
913,28.692844172580443,77.38819450617622,1,0,0,4615,7,3,0.8789153197051975,1,0
914,28.627388035189107,77.49002226330309,2,0,0,2252,2,4,0.3119146950615731,1,0
915,28.68944281264119,77.48902911280375,1,0,0,949,3,3,0.578449049079444,2,0
916,28.690690616414795,77.3140403686303,2,0,0,4882,8,0,0.4786557627257925,3,0
917,28.699428277640312,77.43409541227756,2,0,0,4165,6,2,0.3892281817689237,4,0
918,28.61163814323847,77.45747169366827,4,0,0,2014,4,4,0.6504329320867324,2,0
919,28.62062580955515,77.36688720255432,1,0,0,1951,3,3,0.2052283841440093,3,0
920,28.656959718670173,77.39950515453745,0,0,0,3257,7,0,0.8453026325910049,4,0
921,28.728133915961315,77.32223012845014,2,0,0,2641,3,0,0.8464747056314545,2,0
922,28.690059897699232,77.41070184878167,1,0,0,840,3,1,0.21809556863720614,1,0
923,28.600444441696393,77.42198779411841,14,1,0,4426,2,2,0.40636728975111497,3,1
924,28.68903096797325,77.4435316940436,9,1,0,1014,7,1,0.21654468439470842,4,1
925,28.70814384175531,77.47735444057102,2,0,0,2371,8,4,0.23669715201566932,0,0
926,28.7101341719079,77.49266917176519,4,0,0,3349,2,3,0.6250679098391607,0,0
927,28.629500023229802,77.47903963623027,2,0,0,3422,5,1,0.8033732660001549,0,0
928,28.640898635039758,77.40439394957855,1,0,0,4189,1,3,0.7392876781455149,1,0
929,28.622114239220043,77.32169356244158,9,2,0,2690,3,0,0.4586322556910566,3,1
930,28.66612371681007,77.48184413843987,0,0,0,4032,1,2,0.5273495381343537,1,0
931,28.702723333669002,77.40922514683646,3,0,0,2794,2,0,0.8934987216235311,3,0
932,28.666878309590658,77.4565194961915,2,0,0,3285,8,2,0.587205379755589,4,0
933,28.648586964139685,77.3228714696722,0,0,0,4652,0,2,0.6518606090626468,3,0
934,28.73703716919337,77.38148917179161,6,1,0,2279,3,0,0.9698714760058753,3,1
935,28.610382111083837,77.31457169354451,10,2,0,3827,1,3,0.3527272718072335,2,1
936,28.712860877875926,77.4586015254029,4,0,0,2025,6,3,0.505565743517503,2,0
937,28.64943373084506,77.36121986605978,1,0,0,977,6,1,0.433514656036171,3,0
938,28.70475486655323,77.49728211592682,2,0,0,889,6,4,0.2880654881918222,2,0
939,28.663937263636893,77.40817033666877,14,2,0,1717,8,4,0.33163093125584187,3,1
940,28.601568759243314,77.33186721783977,2,0,0,1318,5,1,0.9077486537792294,3,0
941,28.66300817081758,77.38549791692843,2,0,0,2558,8,4,0.9498686181992504,1,0
942,28.718072114548164,77.37865438097708,2,0,0,4244,4,0,0.3009633922772583,0,0
943,28.64619058270161,77.41569988094705,2,0,0,2265,5,3,0.30728988410775626,3,0
944,28.67277792434664,77.47632949945795,3,0,0,781,7,4,0.8889477064932803,4,0
945,28.6673623160068,77.37148677489735,1,2,0,882,7,3,0.20049451391131595,0,0
946,28.693909918568497,77.30325444676576,0,0,0,991,5,1,0.38253613532228176,2,0
947,28.680910374011003,77.43411612618625,0,0,1,3487,2,0,0.8665303263091091,3,0
948,28.623758407032316,77.34510996193188,2,0,0,808,3,3,0.6916683755565907,0,0
949,28.672531003961364,77.46492997828388,0,0,0,4688,6,3,0.39246734711336384,3,0
950,28.715337851398726,77.45355802041189,1,0,0,1251,2,0,0.7841380278243497,2,0
951,28.68804331426256,77.39624895338895,1,0,0,3666,9,0,0.4641821922804855,3,0
952,28.68907958725059,77.3326418000661,1,0,0,1210,9,2,0.897364430944495,1,0
953,28.74822181354895,77.47917867770852,1,0,1,4029,0,0,0.7574028862075588,0,0
954,28.715400678973936,77.33683920626589,0,0,0,1518,7,0,0.5130107677883171,4,0
955,28.731172778339626,77.4651441014286,3,0,0,1022,5,4,0.6948789894148227,3,0
956,28.700936775799317,77.3390454981866,1,0,0,1991,4,1,0.33745218158994633,0,0
957,28.670703570793286,77.48796290698579,2,0,0,4507,6,2,0.6412135689008271,2,0
958,28.713641608981927,77.46144680238095,8,2,0,1502,3,2,0.4603932535763499,3,1
959,28.72968129287809,77.3872325729589,1,0,0,4711,3,0,0.8454859145396283,1,0
960,28.6535372004698,77.3272242498038,1,1,0,3801,9,4,0.8189955988926314,2,0
961,28.677295842360063,77.3429063996879,1,0,0,2880,2,4,0.5190671925175865,2,0
962,28.667445501780644,77.49710793877044,0,0,0,712,1,1,0.7020877036629516,0,0
963,28.65401067025466,77.3317931550124,8,2,0,893,4,2,0.7577991963513924,1,1
964,28.655486729316653,77.40616875672536,3,0,0,4203,5,3,0.328607595336889,0,0
965,28.66613112160336,77.36592973901884,1,0,0,2207,3,3,0.5485388252158176,1,0
966,28.622002862012213,77.30456053603156,0,0,0,1112,3,2,0.7879650461170791,4,0
967,28.647116026625966,77.32496208787236,3,0,0,776,6,3,0.9564365088088764,1,0
968,28.706777728056142,77.48803265681025,1,0,0,3730,6,2,0.5273490826358034,0,0
969,28.660422928687,77.34219335907801,2,0,0,1845,0,3,0.9153564969995156,4,0
970,28.686381351916335,77.34692380680924,2,0,0,3006,9,2,0.9889160846328462,0,0
971,28.661640038555998,77.47848577628605,1,0,0,2167,8,2,0.986641453395426,2,0
972,28.625005016628613,77.4993020751921,2,2,0,1170,0,2,0.9755566712881352,4,0
973,28.658516695841833,77.43617299426694,1,0,0,3767,7,1,0.5683099236891571,1,0
974,28.66692139167203,77.47778443782983,0,0,0,4873,5,1,0.5035194946759762,4,0
975,28.715917508236192,77.3411458083445,2,0,0,3409,1,1,0.22389610729868564,3,0
976,28.661184662428642,77.42152667478187,2,0,0,3395,9,4,0.7871317993086218,0,0
977,28.72666596173393,77.35534749443002,3,0,0,3304,5,3,0.7894655697740911,3,0
978,28.63860471909447,77.45958678559319,3,0,0,3161,7,3,0.49407766651012663,2,0
979,28.626571451064496,77.33478322174575,0,0,0,2051,6,1,0.7168948210393888,1,0
980,28.63902176812594,77.35022308282541,4,0,1,861,7,4,0.5179061193587501,0,0
981,28.7203484059463,77.32984978772124,14,1,0,1555,4,1,0.695918271558722,1,1
982,28.636412029338175,77.31065520472403,1,0,0,2392,7,3,0.3798497456993188,0,0
983,28.60073600934093,77.47775663626913,3,0,0,4484,8,3,0.39304883737925905,4,0
984,28.606548897169635,77.34243929806811,1,0,0,1602,4,3,0.816178856190666,3,0
985,28.6696062594564,77.45028617727657,13,2,0,1103,6,0,0.7326015926147929,4,1
986,28.608504634496388,77.32484789343826,2,0,0,1438,8,2,0.9024821123753779,4,0
987,28.68970293196529,77.49453256130003,7,2,0,4007,2,0,0.38114440616180584,1,1
988,28.646536655014526,77.45793205644095,7,1,0,3342,9,0,0.26889215735572247,0,1
989,28.603623965682708,77.41879544580478,0,0,0,2773,0,1,0.4819091130461482,0,0
990,28.733623627595964,77.42897566855106,3,0,0,810,6,0,0.8523610183732782,4,0
991,28.72297393924306,77.3392920628169,1,0,0,1380,8,0,0.7449353614397316,0,0
992,28.736839719197796,77.37982990084029,2,0,0,2072,8,1,0.6946182264440216,2,0
993,28.642494478578943,77.34026351078755,14,2,0,1697,6,3,0.2895549257959247,4,1
994,28.665759051372522,77.45114010164583,1,0,0,3099,6,4,0.7524274316517037,2,0
995,28.67922452991919,77.41240780151658,1,0,0,1732,6,0,0.4556424538101458,0,0
996,28.723956418246445,77.48481691625364,0,0,0,4976,6,3,0.23251979472371806,2,0
997,28.69447251877215,77.39736936788643,15,2,0,3648,0,1,0.781157870969001,1,1
998,28.734163921739167,77.34862936020762,0,0,0,2936,8,4,0.5343072897538454,1,0
999,28.635667585853252,77.33563903829653,1,0,0,1004,1,4,0.7840265933444888,3,0
1000,28.737318608801377,77.46316559894179,1,0,0,4302,5,4,0.6985867795162092,1,0
